{
  "url": "https://emcasa.com/corretor-parceiro",
  "requestedUrl": "https://www.emcasa.com/corretor-parceiro",
  "timestamp": 1681729764451,
  "ranks": {
    "hundos": 7,
    "performance": 6,
    "accessibility": 5,
    "cumulative": 7
  },
  "lighthouse": {
    "version": "9.4.0",
    "performance": 0.58,
    "accessibility": 1,
    "bestPractices": 0.83,
    "seo": 0.92,
    "total": 333
  },
  "firstContentfulPaint": 3346.001,
  "firstMeaningfulPaint": 3346.001,
  "speedIndex": 4334.054713887304,
  "largestContentfulPaint": 3496.001,
  "totalBlockingTime": 825.5,
  "cumulativeLayoutShift": 0.008091176138983833,
  "timeToInteractive": 7240.501,
  "maxPotentialFirstInputDelay": 776,
  "timeToFirstByte": 37.586,
  "weight": {
    "summary": "39 requests • 760 KiB",
    "total": 778057,
    "image": 19629,
    "imageCount": 18,
    "script": 535094,
    "scriptCount": 7,
    "document": 111857,
    "font": 34380,
    "fontCount": 1,
    "stylesheet": 14256,
    "stylesheetCount": 3,
    "thirdParty": 55390,
    "thirdPartyCount": 7
  },
  "run": {
    "number": 2,
    "total": 3
  },
  "axe": {
    "passes": 1008,
    "violations": 6
  }
}