{
  "url": "https://emcasa.com/corretor-parceiro",
  "requestedUrl": "https://www.emcasa.com/corretor-parceiro",
  "timestamp": 1677409907848,
  "ranks": {
    "hundos": 5,
    "performance": 4,
    "accessibility": 6,
    "cumulative": 5
  },
  "lighthouse": {
    "version": "9.4.0",
    "performance": 0.39,
    "accessibility": 0.97,
    "bestPractices": 0.83,
    "seo": 0.92,
    "total": 314
  },
  "firstContentfulPaint": 6199.527,
  "firstMeaningfulPaint": 6199.527,
  "speedIndex": 6199.527,
  "largestContentfulPaint": 6499.527,
  "totalBlockingTime": 717.5,
  "cumulativeLayoutShift": 0.008091176138983833,
  "timeToInteractive": 7423.527000000001,
  "maxPotentialFirstInputDelay": 810,
  "timeToFirstByte": 62.375,
  "weight": {
    "summary": "39 requests • 783 KiB",
    "total": 801925,
    "image": 19359,
    "imageCount": 18,
    "script": 535090,
    "scriptCount": 7,
    "document": 127039,
    "font": 34399,
    "fontCount": 1,
    "stylesheet": 14260,
    "stylesheetCount": 3,
    "thirdParty": 55128,
    "thirdPartyCount": 7
  },
  "run": {
    "number": 3,
    "total": 3
  },
  "axe": {
    "passes": 830,
    "violations": 4
  }
}