{
  "url": "https://emcasa.com/corretor-parceiro",
  "requestedUrl": "https://www.emcasa.com/corretor-parceiro",
  "timestamp": 1677496095198,
  "ranks": {
    "hundos": 5,
    "performance": 4,
    "accessibility": 6,
    "cumulative": 5
  },
  "lighthouse": {
    "version": "9.4.0",
    "performance": 0.4,
    "accessibility": 0.97,
    "bestPractices": 0.83,
    "seo": 0.91,
    "total": 314
  },
  "firstContentfulPaint": 5211.353999999999,
  "firstMeaningfulPaint": 5211.353999999999,
  "speedIndex": 6252.97424027127,
  "largestContentfulPaint": 5211.353999999999,
  "totalBlockingTime": 842.5000000000005,
  "cumulativeLayoutShift": 0.008091176138983833,
  "timeToInteractive": 8116.853999999999,
  "maxPotentialFirstInputDelay": 743,
  "timeToFirstByte": 663.872,
  "weight": {
    "summary": "41 requests • 783 KiB",
    "total": 801789,
    "image": 19328,
    "imageCount": 18,
    "script": 535077,
    "scriptCount": 9,
    "document": 126952,
    "font": 34399,
    "fontCount": 1,
    "stylesheet": 14259,
    "stylesheetCount": 3,
    "thirdParty": 55125,
    "thirdPartyCount": 9
  },
  "run": {
    "number": 1,
    "total": 3
  },
  "axe": {
    "passes": 765,
    "violations": 4
  }
}