{
  "url": "https://emcasa.com/corretor-parceiro",
  "requestedUrl": "https://www.emcasa.com/corretor-parceiro",
  "timestamp": 1678533003866,
  "ranks": {
    "hundos": 8,
    "performance": 7,
    "accessibility": 7,
    "cumulative": 7
  },
  "lighthouse": {
    "version": "9.4.0",
    "performance": 0.42,
    "accessibility": 0.97,
    "bestPractices": 0.83,
    "seo": 0.92,
    "total": 314
  },
  "firstContentfulPaint": 5982.085,
  "firstMeaningfulPaint": 5982.085,
  "speedIndex": 5982.085,
  "largestContentfulPaint": 6335.085,
  "totalBlockingTime": 638,
  "cumulativeLayoutShift": 0.008091176138983833,
  "timeToInteractive": 7284.085,
  "maxPotentialFirstInputDelay": 779,
  "timeToFirstByte": 33.102,
  "weight": {
    "summary": "39 requests • 762 KiB",
    "total": 780672,
    "image": 19345,
    "imageCount": 18,
    "script": 535093,
    "scriptCount": 7,
    "document": 113847,
    "font": 34380,
    "fontCount": 1,
    "stylesheet": 14259,
    "stylesheetCount": 3,
    "thirdParty": 55101,
    "thirdPartyCount": 7
  },
  "run": {
    "number": 2,
    "total": 3
  },
  "axe": {
    "passes": 817,
    "violations": 4
  }
}