{
  "url": "https://emcasa.com/corretor-parceiro",
  "requestedUrl": "https://www.emcasa.com/corretor-parceiro",
  "timestamp": 1686827397693,
  "ranks": {
    "hundos": 8,
    "performance": 8,
    "accessibility": 8,
    "cumulative": 8
  },
  "lighthouse": {
    "version": "9.4.0",
    "performance": 0.37,
    "accessibility": 0.97,
    "bestPractices": 0.83,
    "seo": 0.92,
    "total": 309
  },
  "firstContentfulPaint": 6059.709000000001,
  "firstMeaningfulPaint": 6059.709000000001,
  "speedIndex": 6077.565679135428,
  "largestContentfulPaint": 6509.709000000001,
  "totalBlockingTime": 783.9999999999995,
  "cumulativeLayoutShift": 0.008091176138983833,
  "timeToInteractive": 8171.708999999999,
  "maxPotentialFirstInputDelay": 815,
  "timeToFirstByte": 52.625,
  "weight": {
    "summary": "41 requests • 753 KiB",
    "total": 770836,
    "image": 19361,
    "imageCount": 18,
    "script": 534414,
    "scriptCount": 9,
    "document": 107375,
    "font": 34379,
    "fontCount": 1,
    "stylesheet": 14283,
    "stylesheetCount": 3,
    "thirdParty": 55152,
    "thirdPartyCount": 9
  },
  "run": {
    "number": 2,
    "total": 3
  },
  "axe": {
    "passes": 801,
    "violations": 4
  }
}