{
  "url": "https://emcasa.com/corretor-parceiro",
  "requestedUrl": "https://www.emcasa.com/corretor-parceiro",
  "timestamp": 1694689721201,
  "ranks": {
    "hundos": 5,
    "performance": 3,
    "accessibility": 6,
    "cumulative": 5
  },
  "lighthouse": {
    "version": "9.4.0",
    "performance": 0.45,
    "accessibility": 1,
    "bestPractices": 0.83,
    "seo": 0.92,
    "total": 320
  },
  "firstContentfulPaint": 3075.1440000000002,
  "firstMeaningfulPaint": 3075.1440000000002,
  "speedIndex": 6470.211185336206,
  "largestContentfulPaint": 3075.1440000000002,
  "totalBlockingTime": 2440.4999999999945,
  "cumulativeLayoutShift": 0.008091176138983833,
  "timeToInteractive": 14627.746,
  "maxPotentialFirstInputDelay": 1074.9999999999964,
  "timeToFirstByte": 757.3639999999999,
  "weight": {
    "summary": "103 requests • 1,521 KiB",
    "total": 1557677,
    "image": 22463,
    "imageCount": 30,
    "script": 1182177,
    "scriptCount": 34,
    "document": 92559,
    "font": 35872,
    "fontCount": 1,
    "stylesheet": 14334,
    "stylesheetCount": 3,
    "thirdParty": 722620,
    "thirdPartyCount": 71
  },
  "run": {
    "number": 1,
    "total": 3
  },
  "axe": {
    "passes": 741,
    "violations": 4
  }
}