{
  "url": "https://emcasa.com/corretor-parceiro",
  "requestedUrl": "https://emcasa.com/corretor-parceiro",
  "timestamp": 1702465824557,
  "ranks": {
    "hundos": 13,
    "performance": 11,
    "accessibility": 8,
    "cumulative": 13
  },
  "lighthouse": {
    "version": "9.4.0",
    "performance": 0.51,
    "accessibility": 1,
    "bestPractices": 0.83,
    "seo": 0.93,
    "total": 327
  },
  "firstContentfulPaint": 4328.915,
  "firstMeaningfulPaint": 4328.915,
  "speedIndex": 4328.915,
  "largestContentfulPaint": 4791.496999999999,
  "totalBlockingTime": 732,
  "cumulativeLayoutShift": 0.008091176138983833,
  "timeToInteractive": 5468.079,
  "maxPotentialFirstInputDelay": 668,
  "timeToFirstByte": 36.09700000000001,
  "weight": {
    "summary": "38 requests • 616 KiB",
    "total": 630460,
    "image": 19455,
    "imageCount": 18,
    "script": 534999,
    "scriptCount": 7,
    "document": 24621,
    "font": 35869,
    "fontCount": 1,
    "stylesheet": 14325,
    "stylesheetCount": 3,
    "thirdParty": 57441,
    "thirdPartyCount": 7
  },
  "run": {
    "number": 2,
    "total": 3
  },
  "axe": {
    "passes": 735,
    "violations": 4
  }
}