{
  "url": "https://emcasa.com/corretor-parceiro",
  "requestedUrl": "https://emcasa.com/corretor-parceiro",
  "timestamp": 1695085651324,
  "ranks": {
    "hundos": 13,
    "performance": 13,
    "accessibility": 8,
    "cumulative": 13
  },
  "lighthouse": {
    "version": "9.4.0",
    "performance": 0.5,
    "accessibility": 1,
    "bestPractices": 0.83,
    "seo": 0.92,
    "total": 325
  },
  "firstContentfulPaint": 5410.646,
  "firstMeaningfulPaint": 5410.646,
  "speedIndex": 5658.582216224888,
  "largestContentfulPaint": 5410.646,
  "totalBlockingTime": 385.5,
  "cumulativeLayoutShift": 0.008091176138983833,
  "timeToInteractive": 8865.978000000003,
  "maxPotentialFirstInputDelay": 343,
  "timeToFirstByte": 189.17700000000002,
  "weight": {
    "summary": "65 requests • 1,177 KiB",
    "total": 1204818,
    "image": 19313,
    "imageCount": 22,
    "script": 846802,
    "scriptCount": 25,
    "document": 84704,
    "font": 35872,
    "fontCount": 1,
    "stylesheet": 14329,
    "stylesheetCount": 3,
    "thirdParty": 369923,
    "thirdPartyCount": 34
  },
  "run": {
    "number": 3,
    "total": 3
  },
  "axe": {
    "passes": 741,
    "violations": 4
  }
}