{
  "url": "https://emcasa.com/corretor-parceiro",
  "requestedUrl": "https://www.emcasa.com/corretor-parceiro",
  "timestamp": 1682939262414,
  "ranks": {
    "hundos": 7,
    "performance": 6,
    "accessibility": 5,
    "cumulative": 7
  },
  "lighthouse": {
    "version": "9.4.0",
    "performance": 0.54,
    "accessibility": 1,
    "bestPractices": 0.83,
    "seo": 0.92,
    "total": 329
  },
  "firstContentfulPaint": 2903.575,
  "firstMeaningfulPaint": 2903.575,
  "speedIndex": 4965.9432971699025,
  "largestContentfulPaint": 3391.821,
  "totalBlockingTime": 1199.8020000000001,
  "cumulativeLayoutShift": 0.008091176138983833,
  "timeToInteractive": 7533.377,
  "maxPotentialFirstInputDelay": 1033,
  "timeToFirstByte": 361.74699999999996,
  "weight": {
    "summary": "39 requests • 757 KiB",
    "total": 774910,
    "image": 19655,
    "imageCount": 18,
    "script": 535178,
    "scriptCount": 7,
    "document": 109297,
    "font": 34379,
    "fontCount": 1,
    "stylesheet": 14283,
    "stylesheetCount": 3,
    "thirdParty": 55417,
    "thirdPartyCount": 7
  },
  "run": {
    "number": 1,
    "total": 3
  },
  "axe": {
    "passes": 801,
    "violations": 4
  }
}