{
  "url": "https://emcasa.com/corretor-parceiro",
  "requestedUrl": "https://www.emcasa.com/corretor-parceiro",
  "timestamp": 1692357230647,
  "ranks": {
    "hundos": 8,
    "performance": 8,
    "accessibility": 6,
    "cumulative": 8
  },
  "lighthouse": {
    "version": "9.4.0",
    "performance": 0.33,
    "accessibility": 1,
    "bestPractices": 0.83,
    "seo": 0.92,
    "total": 308
  },
  "firstContentfulPaint": 6468.714,
  "firstMeaningfulPaint": 6468.714,
  "speedIndex": 6468.714,
  "largestContentfulPaint": 6619.054999999999,
  "totalBlockingTime": 1001.1590000000006,
  "cumulativeLayoutShift": 0.008091176138983833,
  "timeToInteractive": 8817.488000000001,
  "maxPotentialFirstInputDelay": 1040,
  "timeToFirstByte": 33.659000000000006,
  "weight": {
    "summary": "55 requests • 1,058 KiB",
    "total": 1083769,
    "image": 19317,
    "imageCount": 18,
    "script": 656472,
    "scriptCount": 21,
    "document": 101028,
    "font": 35872,
    "fontCount": 1,
    "stylesheet": 14356,
    "stylesheetCount": 3,
    "thirdParty": 178109,
    "thirdPartyCount": 23
  },
  "run": {
    "number": 3,
    "total": 3
  },
  "axe": {
    "passes": 777,
    "violations": 4
  }
}