{
  "url": "https://emcasa.com/corretor-parceiro",
  "requestedUrl": "https://www.emcasa.com/corretor-parceiro",
  "timestamp": 1685013035357,
  "ranks": {
    "hundos": 7,
    "performance": 7,
    "accessibility": 7,
    "cumulative": 7
  },
  "lighthouse": {
    "version": "9.4.0",
    "performance": 0.3,
    "accessibility": 0.97,
    "bestPractices": 0.83,
    "seo": 0.92,
    "total": 305
  },
  "firstContentfulPaint": 6579.702,
  "firstMeaningfulPaint": 6579.702,
  "speedIndex": 6752.82286109727,
  "largestContentfulPaint": 6878.202,
  "totalBlockingTime": 1187.500000000001,
  "cumulativeLayoutShift": 0.008091176138983833,
  "timeToInteractive": 8518.702000000001,
  "maxPotentialFirstInputDelay": 1173.000000000001,
  "timeToFirstByte": 51.269999999999996,
  "weight": {
    "summary": "41 requests • 759 KiB",
    "total": 777096,
    "image": 19326,
    "imageCount": 18,
    "script": 535103,
    "scriptCount": 9,
    "document": 111838,
    "font": 34379,
    "fontCount": 1,
    "stylesheet": 14276,
    "stylesheetCount": 3,
    "thirdParty": 55148,
    "thirdPartyCount": 9
  },
  "run": {
    "number": 2,
    "total": 3
  },
  "axe": {
    "passes": 801,
    "violations": 4
  }
}