{
  "url": "https://emcasa.com/corretor-parceiro",
  "requestedUrl": "https://www.emcasa.com/corretor-parceiro",
  "timestamp": 1681298038575,
  "ranks": {
    "hundos": 8,
    "performance": 8,
    "accessibility": 7,
    "cumulative": 8
  },
  "lighthouse": {
    "version": "9.4.0",
    "performance": 0.31,
    "accessibility": 0.97,
    "bestPractices": 0.83,
    "seo": 0.92,
    "total": 306
  },
  "firstContentfulPaint": 6421.115,
  "firstMeaningfulPaint": 6421.115,
  "speedIndex": 6649.141655991321,
  "largestContentfulPaint": 6842.615,
  "totalBlockingTime": 1145.5,
  "cumulativeLayoutShift": 0.008091176138983833,
  "timeToInteractive": 8537.115,
  "maxPotentialFirstInputDelay": 1162,
  "timeToFirstByte": 36.528,
  "weight": {
    "summary": "41 requests • 760 KiB",
    "total": 778682,
    "image": 19332,
    "imageCount": 18,
    "script": 535098,
    "scriptCount": 9,
    "document": 112778,
    "font": 34378,
    "fontCount": 1,
    "stylesheet": 14253,
    "stylesheetCount": 3,
    "thirdParty": 55108,
    "thirdPartyCount": 9
  },
  "run": {
    "number": 3,
    "total": 3
  },
  "axe": {
    "passes": 9,
    "violations": 2
  }
}