{
  "url": "https://emcasa.com/corretor-parceiro",
  "requestedUrl": "https://www.emcasa.com/corretor-parceiro",
  "timestamp": 1688641776568,
  "ranks": {
    "hundos": 8,
    "performance": 8,
    "accessibility": 8,
    "cumulative": 8
  },
  "lighthouse": {
    "version": "9.4.0",
    "performance": 0.4,
    "accessibility": 0.97,
    "bestPractices": 0.83,
    "seo": 0.92,
    "total": 312
  },
  "firstContentfulPaint": 6078.7880000000005,
  "firstMeaningfulPaint": 6078.7880000000005,
  "speedIndex": 6078.7880000000005,
  "largestContentfulPaint": 6078.7880000000005,
  "totalBlockingTime": 741,
  "cumulativeLayoutShift": 0.008091176138983833,
  "timeToInteractive": 7395.7880000000005,
  "maxPotentialFirstInputDelay": 860,
  "timeToFirstByte": 57.201,
  "weight": {
    "summary": "39 requests • 757 KiB",
    "total": 775386,
    "image": 19604,
    "imageCount": 18,
    "script": 535070,
    "scriptCount": 7,
    "document": 109041,
    "font": 35872,
    "fontCount": 1,
    "stylesheet": 14358,
    "stylesheetCount": 3,
    "thirdParty": 56992,
    "thirdPartyCount": 7
  },
  "run": {
    "number": 2,
    "total": 3
  },
  "axe": {
    "passes": 741,
    "violations": 4
  }
}