{
  "url": "https://emcasa.com/corretor-parceiro",
  "requestedUrl": "https://www.emcasa.com/corretor-parceiro",
  "timestamp": 1692529780403,
  "ranks": {
    "hundos": 8,
    "performance": 7,
    "accessibility": 8,
    "cumulative": 8
  },
  "lighthouse": {
    "version": "9.4.0",
    "performance": 0.37,
    "accessibility": 0.97,
    "bestPractices": 0.83,
    "seo": 0.92,
    "total": 312
  },
  "firstContentfulPaint": 6179.398999999999,
  "firstMeaningfulPaint": 6179.398999999999,
  "speedIndex": 6179.398999999999,
  "largestContentfulPaint": 6479.398999999999,
  "totalBlockingTime": 815.5,
  "cumulativeLayoutShift": 0.008091176138983833,
  "timeToInteractive": 8019.898999999999,
  "maxPotentialFirstInputDelay": 850,
  "timeToFirstByte": 40.044999999999995,
  "weight": {
    "summary": "41 requests • 940 KiB",
    "total": 962476,
    "image": 19407,
    "imageCount": 18,
    "script": 535088,
    "scriptCount": 9,
    "document": 101026,
    "font": 35872,
    "fontCount": 1,
    "stylesheet": 14357,
    "stylesheetCount": 3,
    "thirdParty": 56770,
    "thirdPartyCount": 9
  },
  "run": {
    "number": 2,
    "total": 3
  },
  "axe": {
    "passes": 741,
    "violations": 4
  }
}