{
  "url": "https://emcasa.com/corretor-parceiro",
  "requestedUrl": "https://www.emcasa.com/corretor-parceiro",
  "timestamp": 1684494669449,
  "ranks": {
    "hundos": 7,
    "performance": 7,
    "accessibility": 7,
    "cumulative": 7
  },
  "lighthouse": {
    "version": "9.4.0",
    "performance": 0.41,
    "accessibility": 0.97,
    "bestPractices": 0.83,
    "seo": 0.92,
    "total": 316
  },
  "firstContentfulPaint": 5917.386,
  "firstMeaningfulPaint": 5917.386,
  "speedIndex": 5917.386,
  "largestContentfulPaint": 6217.386,
  "totalBlockingTime": 664,
  "cumulativeLayoutShift": 0.008091176138983833,
  "timeToInteractive": 7302.3859999999995,
  "maxPotentialFirstInputDelay": 729,
  "timeToFirstByte": 48.94499999999999,
  "weight": {
    "summary": "39 requests • 757 KiB",
    "total": 775437,
    "image": 19642,
    "imageCount": 18,
    "script": 535122,
    "scriptCount": 7,
    "document": 109889,
    "font": 34378,
    "fontCount": 1,
    "stylesheet": 14281,
    "stylesheetCount": 3,
    "thirdParty": 55419,
    "thirdPartyCount": 7
  },
  "run": {
    "number": 3,
    "total": 3
  },
  "axe": {
    "passes": 753,
    "violations": 4
  }
}