{
  "url": "https://emcasa.com/corretor-parceiro",
  "requestedUrl": "https://emcasa.com/corretor-parceiro",
  "timestamp": 1699873689323,
  "ranks": {
    "hundos": 7,
    "performance": 2,
    "accessibility": 8,
    "cumulative": 7
  },
  "lighthouse": {
    "version": "9.4.0",
    "performance": 0.71,
    "accessibility": 1,
    "bestPractices": 0.83,
    "seo": 0.93,
    "total": 347
  },
  "firstContentfulPaint": 2159.096,
  "firstMeaningfulPaint": 2159.096,
  "speedIndex": 4233.665292618355,
  "largestContentfulPaint": 2514.2335,
  "totalBlockingTime": 747.5,
  "cumulativeLayoutShift": 0.008091176138983833,
  "timeToInteractive": 6387.6975,
  "maxPotentialFirstInputDelay": 776,
  "timeToFirstByte": 186.755,
  "weight": {
    "summary": "38 requests • 615 KiB",
    "total": 629767,
    "image": 19471,
    "imageCount": 18,
    "script": 535009,
    "scriptCount": 7,
    "document": 24306,
    "font": 35872,
    "fontCount": 1,
    "stylesheet": 14328,
    "stylesheetCount": 3,
    "thirdParty": 57051,
    "thirdPartyCount": 7
  },
  "run": {
    "number": 1,
    "total": 3
  },
  "axe": {
    "passes": 777,
    "violations": 4
  }
}