{
  "url": "https://emcasa.com/corretor-parceiro",
  "requestedUrl": "https://www.emcasa.com/corretor-parceiro",
  "timestamp": 1692702563770,
  "ranks": {
    "hundos": 6,
    "performance": 3,
    "accessibility": 6,
    "cumulative": 6
  },
  "lighthouse": {
    "version": "9.4.0",
    "performance": 0.59,
    "accessibility": 1,
    "bestPractices": 0.83,
    "seo": 0.92,
    "total": 334
  },
  "firstContentfulPaint": 3343.9490000000005,
  "firstMeaningfulPaint": 3343.9490000000005,
  "speedIndex": 4128.225569104484,
  "largestContentfulPaint": 3643.949,
  "totalBlockingTime": 771,
  "cumulativeLayoutShift": 0.008091176138983833,
  "timeToInteractive": 7001.949,
  "maxPotentialFirstInputDelay": 713,
  "timeToFirstByte": 38.775999999999996,
  "weight": {
    "summary": "39 requests • 921 KiB",
    "total": 943409,
    "image": 19438,
    "imageCount": 18,
    "script": 535108,
    "scriptCount": 7,
    "document": 96039,
    "font": 35872,
    "fontCount": 1,
    "stylesheet": 14361,
    "stylesheetCount": 3,
    "thirdParty": 56767,
    "thirdPartyCount": 7
  },
  "run": {
    "number": 2,
    "total": 3
  },
  "axe": {
    "passes": 741,
    "violations": 4
  }
}