{
  "url": "https://emcasa.com/corretor-parceiro",
  "requestedUrl": "https://www.emcasa.com/corretor-parceiro",
  "timestamp": 1685272158164,
  "ranks": {
    "hundos": 7,
    "performance": 7,
    "accessibility": 5,
    "cumulative": 7
  },
  "lighthouse": {
    "version": "9.4.0",
    "performance": 0.43,
    "accessibility": 1,
    "bestPractices": 0.83,
    "seo": 0.92,
    "total": 318
  },
  "firstContentfulPaint": 4834.888,
  "firstMeaningfulPaint": 4834.888,
  "speedIndex": 4834.888,
  "largestContentfulPaint": 5284.888,
  "totalBlockingTime": 910.5,
  "cumulativeLayoutShift": 0.008091176138983833,
  "timeToInteractive": 7233.388,
  "maxPotentialFirstInputDelay": 772,
  "timeToFirstByte": 41.566,
  "weight": {
    "summary": "39 requests • 759 KiB",
    "total": 776884,
    "image": 19645,
    "imageCount": 18,
    "script": 535095,
    "scriptCount": 7,
    "document": 111521,
    "font": 34379,
    "fontCount": 1,
    "stylesheet": 14274,
    "stylesheetCount": 3,
    "thirdParty": 55423,
    "thirdPartyCount": 7
  },
  "run": {
    "number": 2,
    "total": 3
  },
  "axe": {
    "passes": 801,
    "violations": 4
  }
}