{
  "url": "https://emcasa.com/corretor-parceiro",
  "requestedUrl": "https://emcasa.com/corretor-parceiro",
  "timestamp": 1696677422633,
  "ranks": {
    "hundos": 8,
    "performance": 5,
    "accessibility": 8,
    "cumulative": 8
  },
  "lighthouse": {
    "version": "9.4.0",
    "performance": 0.61,
    "accessibility": 1,
    "bestPractices": 0.83,
    "seo": 0.92,
    "total": 336
  },
  "firstContentfulPaint": 2480.8639999999996,
  "firstMeaningfulPaint": 2480.8639999999996,
  "speedIndex": 4043.83046665455,
  "largestContentfulPaint": 2822.9064999999996,
  "totalBlockingTime": 1232.783,
  "cumulativeLayoutShift": 0.008091176138983833,
  "timeToInteractive": 7674.505999999999,
  "maxPotentialFirstInputDelay": 1155.999999999999,
  "timeToFirstByte": 39.423,
  "weight": {
    "summary": "40 requests • 970 KiB",
    "total": 992811,
    "image": 19514,
    "imageCount": 18,
    "script": 639227,
    "scriptCount": 9,
    "document": 82962,
    "font": 35871,
    "fontCount": 1,
    "stylesheet": 14324,
    "stylesheetCount": 3,
    "thirdParty": 161339,
    "thirdPartyCount": 9
  },
  "run": {
    "number": 3,
    "total": 3
  },
  "axe": {
    "passes": 741,
    "violations": 4
  }
}