{
  "url": "https://emcasa.com/corretor-parceiro",
  "requestedUrl": "https://www.emcasa.com/corretor-parceiro",
  "timestamp": 1684408217497,
  "ranks": {
    "hundos": 8,
    "performance": 7,
    "accessibility": 7,
    "cumulative": 8
  },
  "lighthouse": {
    "version": "9.4.0",
    "performance": 0.34,
    "accessibility": 0.97,
    "bestPractices": 0.83,
    "seo": 0.92,
    "total": 306
  },
  "firstContentfulPaint": 6309.755,
  "firstMeaningfulPaint": 6309.755,
  "speedIndex": 6309.755,
  "largestContentfulPaint": 6609.755,
  "totalBlockingTime": 1024,
  "cumulativeLayoutShift": 0.008091176138983833,
  "timeToInteractive": 7740.755,
  "maxPotentialFirstInputDelay": 1076,
  "timeToFirstByte": 58.624,
  "weight": {
    "summary": "39 requests • 757 KiB",
    "total": 775137,
    "image": 19345,
    "imageCount": 18,
    "script": 535119,
    "scriptCount": 7,
    "document": 109890,
    "font": 34378,
    "fontCount": 1,
    "stylesheet": 14276,
    "stylesheetCount": 3,
    "thirdParty": 55149,
    "thirdPartyCount": 7
  },
  "run": {
    "number": 2,
    "total": 3
  },
  "axe": {
    "passes": 801,
    "violations": 4
  }
}