{
  "url": "https://emcasa.com/corretor-parceiro",
  "requestedUrl": "https://www.emcasa.com/corretor-parceiro",
  "timestamp": 1687172970259,
  "ranks": {
    "hundos": 8,
    "performance": 8,
    "accessibility": 8,
    "cumulative": 8
  },
  "lighthouse": {
    "version": "9.4.0",
    "performance": 0.42,
    "accessibility": 0.97,
    "bestPractices": 0.83,
    "seo": 0.92,
    "total": 317
  },
  "firstContentfulPaint": 5924.344,
  "firstMeaningfulPaint": 5924.344,
  "speedIndex": 5924.344,
  "largestContentfulPaint": 6224.344,
  "totalBlockingTime": 667.5000000000009,
  "cumulativeLayoutShift": 0.008091176138983833,
  "timeToInteractive": 7105.844,
  "maxPotentialFirstInputDelay": 781,
  "timeToFirstByte": 47.828,
  "weight": {
    "summary": "39 requests • 754 KiB",
    "total": 772233,
    "image": 19687,
    "imageCount": 18,
    "script": 534423,
    "scriptCount": 7,
    "document": 108442,
    "font": 34379,
    "fontCount": 1,
    "stylesheet": 14282,
    "stylesheetCount": 3,
    "thirdParty": 55432,
    "thirdPartyCount": 7
  },
  "run": {
    "number": 2,
    "total": 3
  },
  "axe": {
    "passes": 801,
    "violations": 4
  }
}