{
  "url": "https://emcasa.com/corretor-parceiro",
  "requestedUrl": "https://emcasa.com/corretor-parceiro",
  "timestamp": 1701947410254,
  "ranks": {
    "hundos": 13,
    "performance": 11,
    "accessibility": 8,
    "cumulative": 13
  },
  "lighthouse": {
    "version": "9.4.0",
    "performance": 0.59,
    "accessibility": 1,
    "bestPractices": 0.83,
    "seo": 0.93,
    "total": 335
  },
  "firstContentfulPaint": 4450.032,
  "firstMeaningfulPaint": 4450.032,
  "speedIndex": 4450.032,
  "largestContentfulPaint": 4750.032,
  "totalBlockingTime": 413.99999999999955,
  "cumulativeLayoutShift": 0.008091176138983833,
  "timeToInteractive": 5425.032000000001,
  "maxPotentialFirstInputDelay": 539,
  "timeToFirstByte": 35.259,
  "weight": {
    "summary": "38 requests • 616 KiB",
    "total": 630525,
    "image": 19496,
    "imageCount": 18,
    "script": 535016,
    "scriptCount": 7,
    "document": 24621,
    "font": 35872,
    "fontCount": 1,
    "stylesheet": 14326,
    "stylesheetCount": 3,
    "thirdParty": 57488,
    "thirdPartyCount": 7
  },
  "run": {
    "number": 2,
    "total": 3
  },
  "axe": {
    "passes": 767,
    "violations": 4
  }
}