{
  "url": "https://emcasa.com/corretor-parceiro",
  "requestedUrl": "https://emcasa.com/corretor-parceiro",
  "timestamp": 1702206755400,
  "ranks": {
    "hundos": 7,
    "performance": 3,
    "accessibility": 8,
    "cumulative": 7
  },
  "lighthouse": {
    "version": "9.4.0",
    "performance": 0.8,
    "accessibility": 1,
    "bestPractices": 0.83,
    "seo": 0.93,
    "total": 356
  },
  "firstContentfulPaint": 2110.557,
  "firstMeaningfulPaint": 2110.557,
  "speedIndex": 2929.777660474189,
  "largestContentfulPaint": 2410.557,
  "totalBlockingTime": 473,
  "cumulativeLayoutShift": 0.008091176138983833,
  "timeToInteractive": 6064.932000000001,
  "maxPotentialFirstInputDelay": 520,
  "timeToFirstByte": 48.742000000000004,
  "weight": {
    "summary": "38 requests • 616 KiB",
    "total": 630337,
    "image": 19300,
    "imageCount": 18,
    "script": 535019,
    "scriptCount": 7,
    "document": 24622,
    "font": 35872,
    "fontCount": 1,
    "stylesheet": 14328,
    "stylesheetCount": 3,
    "thirdParty": 57454,
    "thirdPartyCount": 7
  },
  "run": {
    "number": 3,
    "total": 3
  },
  "axe": {
    "passes": 767,
    "violations": 4
  }
}