{
  "url": "https://emcasa.com/corretor-parceiro",
  "requestedUrl": "https://www.emcasa.com/corretor-parceiro",
  "timestamp": 1689505904604,
  "ranks": {
    "hundos": 8,
    "performance": 8,
    "accessibility": 6,
    "cumulative": 8
  },
  "lighthouse": {
    "version": "9.4.0",
    "performance": 0.27,
    "accessibility": 1,
    "bestPractices": 0.83,
    "seo": 0.92,
    "total": 302
  },
  "firstContentfulPaint": 5193.9090000000015,
  "firstMeaningfulPaint": 5193.9090000000015,
  "speedIndex": 9431.313841787727,
  "largestContentfulPaint": 5193.9090000000015,
  "totalBlockingTime": 1662.5,
  "cumulativeLayoutShift": 0.008091176138983833,
  "timeToInteractive": 15107.9135,
  "maxPotentialFirstInputDelay": 693,
  "timeToFirstByte": 1500.517,
  "weight": {
    "summary": "105 requests • 1,454 KiB",
    "total": 1488739,
    "image": 23106,
    "imageCount": 30,
    "script": 1231594,
    "scriptCount": 35,
    "document": 116460,
    "font": 35872,
    "fontCount": 1,
    "stylesheet": 14357,
    "stylesheetCount": 3,
    "thirdParty": 772828,
    "thirdPartyCount": 73
  },
  "run": {
    "number": 3,
    "total": 3
  },
  "axe": {
    "passes": 986,
    "violations": 6
  }
}