{
  "url": "https://emcasa.com/corretor-parceiro",
  "requestedUrl": "https://www.emcasa.com/corretor-parceiro",
  "timestamp": 1679397217193,
  "ranks": {
    "hundos": 7,
    "performance": 7,
    "accessibility": 7,
    "cumulative": 7
  },
  "lighthouse": {
    "version": "9.4.0",
    "performance": 0.33,
    "accessibility": 0.97,
    "bestPractices": 0.83,
    "seo": 0.92,
    "total": 305
  },
  "firstContentfulPaint": 6420.121,
  "firstMeaningfulPaint": 6420.121,
  "speedIndex": 6420.121,
  "largestContentfulPaint": 6570.121,
  "totalBlockingTime": 1123.9999999999995,
  "cumulativeLayoutShift": 0.008091176138983833,
  "timeToInteractive": 7734.620999999999,
  "maxPotentialFirstInputDelay": 1191,
  "timeToFirstByte": 33.337,
  "weight": {
    "summary": "39 requests • 760 KiB",
    "total": 778611,
    "image": 19357,
    "imageCount": 18,
    "script": 535100,
    "scriptCount": 7,
    "document": 112732,
    "font": 34380,
    "fontCount": 1,
    "stylesheet": 14258,
    "stylesheetCount": 3,
    "thirdParty": 55113,
    "thirdPartyCount": 7
  },
  "run": {
    "number": 3,
    "total": 3
  },
  "axe": {
    "passes": 801,
    "violations": 4
  }
}