{
  "url": "https://emcasa.com/corretor-parceiro",
  "requestedUrl": "https://www.emcasa.com/corretor-parceiro",
  "timestamp": 1694776318593,
  "ranks": {
    "hundos": 8,
    "performance": 8,
    "accessibility": 6,
    "cumulative": 8
  },
  "lighthouse": {
    "version": "9.4.0",
    "performance": 0.41,
    "accessibility": 1,
    "bestPractices": 0.83,
    "seo": 0.92,
    "total": 316
  },
  "firstContentfulPaint": 5783.228999999999,
  "firstMeaningfulPaint": 5783.228999999999,
  "speedIndex": 5783.228999999999,
  "largestContentfulPaint": 5783.228999999999,
  "totalBlockingTime": 760.4999999999995,
  "cumulativeLayoutShift": 0.008091176138983833,
  "timeToInteractive": 7330.728999999999,
  "maxPotentialFirstInputDelay": 747,
  "timeToFirstByte": 46.986000000000004,
  "weight": {
    "summary": "39 requests • 871 KiB",
    "total": 891978,
    "image": 19437,
    "imageCount": 18,
    "script": 534965,
    "scriptCount": 7,
    "document": 83821,
    "font": 35872,
    "fontCount": 1,
    "stylesheet": 14326,
    "stylesheetCount": 3,
    "thirdParty": 57086,
    "thirdPartyCount": 7
  },
  "run": {
    "number": 3,
    "total": 3
  },
  "axe": {
    "passes": 741,
    "violations": 4
  }
}