{
  "url": "https://emcasa.com/corretor-parceiro",
  "requestedUrl": "https://emcasa.com/corretor-parceiro",
  "timestamp": 1696417684776,
  "ranks": {
    "hundos": 13,
    "performance": 12,
    "accessibility": 7,
    "cumulative": 13
  },
  "lighthouse": {
    "version": "9.4.0",
    "performance": 0.45,
    "accessibility": 1,
    "bestPractices": 0.83,
    "seo": 0.92,
    "total": 320
  },
  "firstContentfulPaint": 5067.6,
  "firstMeaningfulPaint": 5067.6,
  "speedIndex": 5067.6,
  "largestContentfulPaint": 5217.6,
  "totalBlockingTime": 778.5,
  "cumulativeLayoutShift": 0.008091176138983833,
  "timeToInteractive": 6312.5999999999985,
  "maxPotentialFirstInputDelay": 789,
  "timeToFirstByte": 350.52700000000004,
  "weight": {
    "summary": "38 requests • 868 KiB",
    "total": 888508,
    "image": 19468,
    "imageCount": 18,
    "script": 534941,
    "scriptCount": 7,
    "document": 82987,
    "font": 35872,
    "fontCount": 1,
    "stylesheet": 14324,
    "stylesheetCount": 3,
    "thirdParty": 57056,
    "thirdPartyCount": 7
  },
  "run": {
    "number": 1,
    "total": 3
  },
  "axe": {
    "passes": 1231,
    "violations": 6
  }
}