{
  "url": "https://emcasa.com/corretor-parceiro",
  "requestedUrl": "https://www.emcasa.com/corretor-parceiro",
  "timestamp": 1683803426965,
  "ranks": {
    "hundos": 7,
    "performance": 7,
    "accessibility": 7,
    "cumulative": 7
  },
  "lighthouse": {
    "version": "9.4.0",
    "performance": 0.35,
    "accessibility": 0.97,
    "bestPractices": 0.83,
    "seo": 0.92,
    "total": 307
  },
  "firstContentfulPaint": 6279.187,
  "firstMeaningfulPaint": 6279.187,
  "speedIndex": 6279.187,
  "largestContentfulPaint": 6279.187,
  "totalBlockingTime": 973.5,
  "cumulativeLayoutShift": 0.008091176138983833,
  "timeToInteractive": 7681.687,
  "maxPotentialFirstInputDelay": 1030,
  "timeToFirstByte": 60.199,
  "weight": {
    "summary": "39 requests • 757 KiB",
    "total": 775443,
    "image": 19347,
    "imageCount": 18,
    "script": 535103,
    "scriptCount": 7,
    "document": 110195,
    "font": 34380,
    "fontCount": 1,
    "stylesheet": 14288,
    "stylesheetCount": 3,
    "thirdParty": 55151,
    "thirdPartyCount": 7
  },
  "run": {
    "number": 2,
    "total": 3
  },
  "axe": {
    "passes": 753,
    "violations": 4
  }
}