{
  "url": "https://emcasa.com/corretor-parceiro",
  "requestedUrl": "https://emcasa.com/corretor-parceiro",
  "timestamp": 1696331267384,
  "ranks": {
    "hundos": 13,
    "performance": 5,
    "accessibility": 13,
    "cumulative": 13
  },
  "lighthouse": {
    "version": "9.4.0",
    "performance": 0.67,
    "accessibility": 0.97,
    "bestPractices": 0.83,
    "seo": 0.92,
    "total": 342
  },
  "firstContentfulPaint": 2477.362,
  "firstMeaningfulPaint": 2477.362,
  "speedIndex": 4103.016019640369,
  "largestContentfulPaint": 2777.7880000000005,
  "totalBlockingTime": 797.8934999999997,
  "cumulativeLayoutShift": 0.008091176138983833,
  "timeToInteractive": 6240.5154999999995,
  "maxPotentialFirstInputDelay": 742,
  "timeToFirstByte": 401.093,
  "weight": {
    "summary": "38 requests • 871 KiB",
    "total": 891949,
    "image": 19417,
    "imageCount": 18,
    "script": 534939,
    "scriptCount": 7,
    "document": 83907,
    "font": 35872,
    "fontCount": 1,
    "stylesheet": 14324,
    "stylesheetCount": 3,
    "thirdParty": 57021,
    "thirdPartyCount": 7
  },
  "run": {
    "number": 1,
    "total": 3
  },
  "axe": {
    "passes": 741,
    "violations": 4
  }
}