{
  "url": "https://emcasa.com/corretor-parceiro",
  "requestedUrl": "https://emcasa.com/corretor-parceiro",
  "timestamp": 1695294875583,
  "ranks": {
    "hundos": 13,
    "performance": 13,
    "accessibility": 8,
    "cumulative": 13
  },
  "lighthouse": {
    "version": "9.4.0",
    "performance": 0.43,
    "accessibility": 1,
    "bestPractices": 0.83,
    "seo": 0.92,
    "total": 318
  },
  "firstContentfulPaint": 5189.022,
  "firstMeaningfulPaint": 5189.022,
  "speedIndex": 5189.022,
  "largestContentfulPaint": 5339.022,
  "totalBlockingTime": 817,
  "cumulativeLayoutShift": 0.008091176138983833,
  "timeToInteractive": 6556.022,
  "maxPotentialFirstInputDelay": 838,
  "timeToFirstByte": 62.901999999999994,
  "weight": {
    "summary": "38 requests • 871 KiB",
    "total": 891992,
    "image": 19424,
    "imageCount": 18,
    "script": 534986,
    "scriptCount": 7,
    "document": 83900,
    "font": 35871,
    "fontCount": 1,
    "stylesheet": 14325,
    "stylesheetCount": 3,
    "thirdParty": 57046,
    "thirdPartyCount": 7
  },
  "run": {
    "number": 3,
    "total": 3
  },
  "axe": {
    "passes": 777,
    "violations": 4
  }
}