{
  "url": "https://emcasa.com/corretor-parceiro",
  "requestedUrl": "https://emcasa.com/corretor-parceiro",
  "timestamp": 1703157175426,
  "ranks": {
    "hundos": 5,
    "performance": 3,
    "accessibility": 8,
    "cumulative": 5
  },
  "lighthouse": {
    "version": "9.4.0",
    "performance": 0.85,
    "accessibility": 1,
    "bestPractices": 0.83,
    "seo": 0.93,
    "total": 361
  },
  "firstContentfulPaint": 2118.6659999999997,
  "firstMeaningfulPaint": 2118.6659999999997,
  "speedIndex": 2749.310168191216,
  "largestContentfulPaint": 2118.6659999999997,
  "totalBlockingTime": 380.9029999999998,
  "cumulativeLayoutShift": 0.008091176138983833,
  "timeToInteractive": 5403.255,
  "maxPotentialFirstInputDelay": 506.00000000000045,
  "timeToFirstByte": 40.74999999999999,
  "weight": {
    "summary": "38 requests • 616 KiB",
    "total": 630393,
    "image": 19470,
    "imageCount": 18,
    "script": 535001,
    "scriptCount": 7,
    "document": 24534,
    "font": 35871,
    "fontCount": 1,
    "stylesheet": 14324,
    "stylesheetCount": 3,
    "thirdParty": 57451,
    "thirdPartyCount": 7
  },
  "run": {
    "number": 3,
    "total": 3
  },
  "axe": {
    "passes": 1220,
    "violations": 6
  }
}