{
  "url": "https://emcasa.com/corretor-parceiro",
  "requestedUrl": "https://www.emcasa.com/corretor-parceiro",
  "timestamp": 1691925190164,
  "ranks": {
    "hundos": 7,
    "performance": 6,
    "accessibility": 8,
    "cumulative": 8
  },
  "lighthouse": {
    "version": "9.4.0",
    "performance": 0.33,
    "accessibility": 0.97,
    "bestPractices": 0.83,
    "seo": 0.92,
    "total": 308
  },
  "firstContentfulPaint": 6447.436,
  "firstMeaningfulPaint": 6447.436,
  "speedIndex": 6447.436,
  "largestContentfulPaint": 6597.436,
  "totalBlockingTime": 1037.5,
  "cumulativeLayoutShift": 0.008091176138983833,
  "timeToInteractive": 8656.436,
  "maxPotentialFirstInputDelay": 1043,
  "timeToFirstByte": 32.423,
  "weight": {
    "summary": "41 requests • 1,063 KiB",
    "total": 1088965,
    "image": 19735,
    "imageCount": 18,
    "script": 656672,
    "scriptCount": 9,
    "document": 101813,
    "font": 35872,
    "fontCount": 1,
    "stylesheet": 14358,
    "stylesheetCount": 3,
    "thirdParty": 178683,
    "thirdPartyCount": 9
  },
  "run": {
    "number": 3,
    "total": 3
  },
  "axe": {
    "passes": 741,
    "violations": 4
  }
}