{
  "url": "https://emcasa.com/corretor-parceiro",
  "requestedUrl": "https://emcasa.com/corretor-parceiro",
  "timestamp": 1709809994008,
  "ranks": {
    "hundos": 4,
    "performance": 2,
    "accessibility": 7,
    "cumulative": 4
  },
  "lighthouse": {
    "version": "9.4.0",
    "performance": 0.78,
    "accessibility": 1,
    "bestPractices": 0.83,
    "seo": 0.93,
    "total": 354
  },
  "firstContentfulPaint": 2575.8050000000003,
  "firstMeaningfulPaint": 2575.8050000000003,
  "speedIndex": 4080.016877226204,
  "largestContentfulPaint": 2575.8050000000003,
  "totalBlockingTime": 395.86850000000004,
  "cumulativeLayoutShift": 0.008091176138983833,
  "timeToInteractive": 6577.854,
  "maxPotentialFirstInputDelay": 493,
  "timeToFirstByte": 459.259,
  "weight": {
    "summary": "40 requests • 696 KiB",
    "total": 712402,
    "image": 19205,
    "imageCount": 18,
    "script": 535219,
    "scriptCount": 9,
    "document": 106432,
    "font": 35872,
    "fontCount": 1,
    "stylesheet": 14483,
    "stylesheetCount": 3,
    "thirdParty": 57343,
    "thirdPartyCount": 9
  },
  "run": {
    "number": 3,
    "total": 3
  },
  "axe": {
    "passes": 699,
    "violations": 4
  }
}