{
  "url": "https://emcasa.com/corretor-parceiro",
  "requestedUrl": "https://emcasa.com/corretor-parceiro",
  "timestamp": 1710500854960,
  "ranks": {
    "hundos": 11,
    "performance": 5,
    "accessibility": 7,
    "cumulative": 11
  },
  "lighthouse": {
    "version": "9.4.0",
    "performance": 0.77,
    "accessibility": 1,
    "bestPractices": 0.83,
    "seo": 0.93,
    "total": 353
  },
  "firstContentfulPaint": 2196.2219999999998,
  "firstMeaningfulPaint": 2196.2219999999998,
  "speedIndex": 3617.3608045033425,
  "largestContentfulPaint": 2485.394,
  "totalBlockingTime": 425.9999999999991,
  "cumulativeLayoutShift": 0.008091176138983833,
  "timeToInteractive": 8543.539,
  "maxPotentialFirstInputDelay": 466.9999999999991,
  "timeToFirstByte": 270.181,
  "weight": {
    "summary": "50 requests • 1,103 KiB",
    "total": 1129609,
    "image": 19142,
    "imageCount": 18,
    "script": 925165,
    "scriptCount": 18,
    "document": 105899,
    "font": 35872,
    "fontCount": 1,
    "stylesheet": 14498,
    "stylesheetCount": 3,
    "thirdParty": 447211,
    "thirdPartyCount": 19
  },
  "run": {
    "number": 1,
    "total": 3
  },
  "axe": {
    "passes": 699,
    "violations": 4
  }
}