{
  "url": "https://emcasa.com/corretor-parceiro",
  "requestedUrl": "https://emcasa.com/corretor-parceiro",
  "timestamp": 1699182453232,
  "ranks": {
    "hundos": 13,
    "performance": 12,
    "accessibility": 8,
    "cumulative": 13
  },
  "lighthouse": {
    "version": "9.4.0",
    "performance": 0.54,
    "accessibility": 1,
    "bestPractices": 0.83,
    "seo": 0.93,
    "total": 330
  },
  "firstContentfulPaint": 4579.708,
  "firstMeaningfulPaint": 4579.708,
  "speedIndex": 4579.708,
  "largestContentfulPaint": 4729.7080000000005,
  "totalBlockingTime": 571,
  "cumulativeLayoutShift": 0.008091176138983833,
  "timeToInteractive": 5627.7080000000005,
  "maxPotentialFirstInputDelay": 648,
  "timeToFirstByte": 206.77599999999998,
  "weight": {
    "summary": "38 requests • 614 KiB",
    "total": 628917,
    "image": 19167,
    "imageCount": 18,
    "script": 535018,
    "scriptCount": 7,
    "document": 23747,
    "font": 35873,
    "fontCount": 1,
    "stylesheet": 14324,
    "stylesheetCount": 3,
    "thirdParty": 56799,
    "thirdPartyCount": 7
  },
  "run": {
    "number": 1,
    "total": 3
  },
  "axe": {
    "passes": 777,
    "violations": 4
  }
}