{
  "url": "https://emcasa.com/corretor-parceiro",
  "requestedUrl": "https://www.emcasa.com/corretor-parceiro",
  "timestamp": 1686395509021,
  "ranks": {
    "hundos": 7,
    "performance": 7,
    "accessibility": 7,
    "cumulative": 7
  },
  "lighthouse": {
    "version": "9.4.0",
    "performance": 0.4,
    "accessibility": 0.97,
    "bestPractices": 0.83,
    "seo": 0.92,
    "total": 315
  },
  "firstContentfulPaint": 5980.066000000001,
  "firstMeaningfulPaint": 5980.066000000001,
  "speedIndex": 5980.066000000001,
  "largestContentfulPaint": 6280.066000000001,
  "totalBlockingTime": 694,
  "cumulativeLayoutShift": 0.008091176138983833,
  "timeToInteractive": 7375.066000000001,
  "maxPotentialFirstInputDelay": 749,
  "timeToFirstByte": 64.204,
  "weight": {
    "summary": "39 requests • 754 KiB",
    "total": 772599,
    "image": 19336,
    "imageCount": 18,
    "script": 535147,
    "scriptCount": 7,
    "document": 108445,
    "font": 34379,
    "fontCount": 1,
    "stylesheet": 14278,
    "stylesheetCount": 3,
    "thirdParty": 55142,
    "thirdPartyCount": 7
  },
  "run": {
    "number": 3,
    "total": 3
  },
  "axe": {
    "passes": 753,
    "violations": 4
  }
}