{
  "url": "https://emcasa.com/corretor-parceiro",
  "requestedUrl": "https://www.emcasa.com/corretor-parceiro",
  "timestamp": 1685704230944,
  "ranks": {
    "hundos": 8,
    "performance": 7,
    "accessibility": 5,
    "cumulative": 7
  },
  "lighthouse": {
    "version": "9.4.0",
    "performance": 0.35,
    "accessibility": 1,
    "bestPractices": 0.83,
    "seo": 0.92,
    "total": 310
  },
  "firstContentfulPaint": 6318.912,
  "firstMeaningfulPaint": 6318.912,
  "speedIndex": 6318.912,
  "largestContentfulPaint": 6318.912,
  "totalBlockingTime": 939,
  "cumulativeLayoutShift": 0.008091176138983833,
  "timeToInteractive": 8336.412,
  "maxPotentialFirstInputDelay": 1000,
  "timeToFirstByte": 49.971000000000004,
  "weight": {
    "summary": "41 requests • 759 KiB",
    "total": 776928,
    "image": 19658,
    "imageCount": 18,
    "script": 535101,
    "scriptCount": 9,
    "document": 111519,
    "font": 34379,
    "fontCount": 1,
    "stylesheet": 14286,
    "stylesheetCount": 3,
    "thirdParty": 55464,
    "thirdPartyCount": 9
  },
  "run": {
    "number": 2,
    "total": 3
  },
  "axe": {
    "passes": 766,
    "violations": 4
  }
}