{
  "url": "https://emcasa.com/corretor-parceiro",
  "requestedUrl": "https://www.emcasa.com/corretor-parceiro",
  "timestamp": 1682680414063,
  "ranks": {
    "hundos": 8,
    "performance": 8,
    "accessibility": 5,
    "cumulative": 8
  },
  "lighthouse": {
    "version": "9.4.0",
    "performance": 0.31,
    "accessibility": 1,
    "bestPractices": 0.83,
    "seo": 0.92,
    "total": 306
  },
  "firstContentfulPaint": 5961.530999999999,
  "firstMeaningfulPaint": 5961.530999999999,
  "speedIndex": 5961.530999999999,
  "largestContentfulPaint": 5961.530999999999,
  "totalBlockingTime": 1665.5125000000012,
  "cumulativeLayoutShift": 0.008091176138983833,
  "timeToInteractive": 7954.0435,
  "maxPotentialFirstInputDelay": 1040,
  "timeToFirstByte": 56.306,
  "weight": {
    "summary": "60 requests • 1,002 KiB",
    "total": 1026407,
    "image": 19705,
    "imageCount": 18,
    "script": 785212,
    "scriptCount": 24,
    "document": 110698,
    "font": 34379,
    "fontCount": 1,
    "stylesheet": 14293,
    "stylesheetCount": 3,
    "thirdParty": 306068,
    "thirdPartyCount": 28
  },
  "run": {
    "number": 3,
    "total": 3
  },
  "axe": {
    "passes": 801,
    "violations": 4
  }
}