{
  "url": "https://emcasa.com/corretor-parceiro",
  "requestedUrl": "https://emcasa.com/corretor-parceiro",
  "timestamp": 1704366644276,
  "ranks": {
    "hundos": 13,
    "performance": 11,
    "accessibility": 8,
    "cumulative": 13
  },
  "lighthouse": {
    "version": "9.4.0",
    "performance": 0.56,
    "accessibility": 1,
    "bestPractices": 0.83,
    "seo": 0.93,
    "total": 332
  },
  "firstContentfulPaint": 4064.169,
  "firstMeaningfulPaint": 4064.169,
  "speedIndex": 4064.169,
  "largestContentfulPaint": 4364.169,
  "totalBlockingTime": 651,
  "cumulativeLayoutShift": 0.008091176138983833,
  "timeToInteractive": 5853.669,
  "maxPotentialFirstInputDelay": 552,
  "timeToFirstByte": 33.114000000000004,
  "weight": {
    "summary": "40 requests • 636 KiB",
    "total": 650828,
    "image": 19204,
    "imageCount": 18,
    "script": 554578,
    "scriptCount": 9,
    "document": 25648,
    "font": 35872,
    "fontCount": 1,
    "stylesheet": 14335,
    "stylesheetCount": 3,
    "thirdParty": 76743,
    "thirdPartyCount": 9
  },
  "run": {
    "number": 2,
    "total": 3
  },
  "axe": {
    "passes": 767,
    "violations": 4
  }
}