{
  "url": "https://emcasa.com/corretor-parceiro",
  "requestedUrl": "https://emcasa.com/corretor-parceiro",
  "timestamp": 1697972854061,
  "ranks": {
    "hundos": 13,
    "performance": 12,
    "accessibility": 13,
    "cumulative": 13
  },
  "lighthouse": {
    "version": "9.4.0",
    "performance": 0.43,
    "accessibility": 0.97,
    "bestPractices": 0.83,
    "seo": 0.92,
    "total": 315
  },
  "firstContentfulPaint": 5110.059,
  "firstMeaningfulPaint": 5110.059,
  "speedIndex": 5110.059,
  "largestContentfulPaint": 5667.163999999999,
  "totalBlockingTime": 767,
  "cumulativeLayoutShift": 0.008091176138983833,
  "timeToInteractive": 6739.628999999999,
  "maxPotentialFirstInputDelay": 794,
  "timeToFirstByte": 326.21099999999996,
  "weight": {
    "summary": "38 requests • 669 KiB",
    "total": 684964,
    "image": 19424,
    "imageCount": 18,
    "script": 534985,
    "scriptCount": 7,
    "document": 79577,
    "font": 35871,
    "fontCount": 1,
    "stylesheet": 14327,
    "stylesheetCount": 3,
    "thirdParty": 57017,
    "thirdPartyCount": 7
  },
  "run": {
    "number": 1,
    "total": 3
  },
  "axe": {
    "passes": 741,
    "violations": 4
  }
}