{
  "url": "https://emcasa.com/corretor-parceiro",
  "requestedUrl": "https://emcasa.com/corretor-parceiro",
  "timestamp": 1697800499371,
  "ranks": {
    "hundos": 11,
    "performance": 5,
    "accessibility": 8,
    "cumulative": 11
  },
  "lighthouse": {
    "version": "9.4.0",
    "performance": 0.55,
    "accessibility": 1,
    "bestPractices": 0.83,
    "seo": 0.92,
    "total": 330
  },
  "firstContentfulPaint": 3926.262,
  "firstMeaningfulPaint": 3926.262,
  "speedIndex": 4230.85996108927,
  "largestContentfulPaint": 3926.262,
  "totalBlockingTime": 822,
  "cumulativeLayoutShift": 0.008091176138983833,
  "timeToInteractive": 6267.262000000001,
  "maxPotentialFirstInputDelay": 728,
  "timeToFirstByte": 49.312,
  "weight": {
    "summary": "38 requests • 669 KiB",
    "total": 685532,
    "image": 19459,
    "imageCount": 18,
    "script": 535011,
    "scriptCount": 7,
    "document": 80083,
    "font": 35871,
    "fontCount": 1,
    "stylesheet": 14326,
    "stylesheetCount": 3,
    "thirdParty": 57043,
    "thirdPartyCount": 7
  },
  "run": {
    "number": 3,
    "total": 3
  },
  "axe": {
    "passes": 741,
    "violations": 4
  }
}