{
  "url": "https://emcasa.com/corretor-parceiro",
  "requestedUrl": "https://emcasa.com/corretor-parceiro",
  "timestamp": 1704021157932,
  "ranks": {
    "hundos": 8,
    "performance": 1,
    "accessibility": 8,
    "cumulative": 8
  },
  "lighthouse": {
    "version": "9.4.0",
    "performance": 0.82,
    "accessibility": 1,
    "bestPractices": 0.83,
    "seo": 0.93,
    "total": 358
  },
  "firstContentfulPaint": 2129.5789999999997,
  "firstMeaningfulPaint": 2129.5789999999997,
  "speedIndex": 2488.052570728898,
  "largestContentfulPaint": 2280.775,
  "totalBlockingTime": 446,
  "cumulativeLayoutShift": 0.008091176138983833,
  "timeToInteractive": 5498.303,
  "maxPotentialFirstInputDelay": 496,
  "timeToFirstByte": 42.643,
  "weight": {
    "summary": "38 requests • 617 KiB",
    "total": 631485,
    "image": 19448,
    "imageCount": 18,
    "script": 535006,
    "scriptCount": 7,
    "document": 25629,
    "font": 35872,
    "fontCount": 1,
    "stylesheet": 14326,
    "stylesheetCount": 3,
    "thirdParty": 57460,
    "thirdPartyCount": 7
  },
  "run": {
    "number": 3,
    "total": 3
  },
  "axe": {
    "passes": 735,
    "violations": 4
  }
}