{
  "url": "https://emcasa.com/corretor-parceiro",
  "requestedUrl": "https://emcasa.com/corretor-parceiro",
  "timestamp": 1696590872308,
  "ranks": {
    "hundos": 12,
    "performance": 6,
    "accessibility": 7,
    "cumulative": 12
  },
  "lighthouse": {
    "version": "9.4.0",
    "performance": 0.54,
    "accessibility": 1,
    "bestPractices": 0.83,
    "seo": 0.92,
    "total": 329
  },
  "firstContentfulPaint": 3955.304,
  "firstMeaningfulPaint": 3955.304,
  "speedIndex": 4573.121673554854,
  "largestContentfulPaint": 4009.304,
  "totalBlockingTime": 736.0000000000005,
  "cumulativeLayoutShift": 0.008091176138983833,
  "timeToInteractive": 6894.304,
  "maxPotentialFirstInputDelay": 697,
  "timeToFirstByte": 42.932,
  "weight": {
    "summary": "40 requests • 867 KiB",
    "total": 888257,
    "image": 19192,
    "imageCount": 18,
    "script": 534979,
    "scriptCount": 9,
    "document": 82974,
    "font": 35872,
    "fontCount": 1,
    "stylesheet": 14324,
    "stylesheetCount": 3,
    "thirdParty": 56781,
    "thirdPartyCount": 9
  },
  "run": {
    "number": 3,
    "total": 3
  },
  "axe": {
    "passes": 777,
    "violations": 4
  }
}