{
  "url": "https://emcasa.com/corretor-parceiro",
  "requestedUrl": "https://www.emcasa.com/corretor-parceiro",
  "timestamp": 1678964868850,
  "ranks": {
    "hundos": 7,
    "performance": 7,
    "accessibility": 7,
    "cumulative": 7
  },
  "lighthouse": {
    "version": "9.4.0",
    "performance": 0.4,
    "accessibility": 0.97,
    "bestPractices": 0.83,
    "seo": 0.92,
    "total": 312
  },
  "firstContentfulPaint": 6005.0419999999995,
  "firstMeaningfulPaint": 6005.0419999999995,
  "speedIndex": 6005.0419999999995,
  "largestContentfulPaint": 6005.0419999999995,
  "totalBlockingTime": 777.5,
  "cumulativeLayoutShift": 0.008091176138983833,
  "timeToInteractive": 7238.542,
  "maxPotentialFirstInputDelay": 819,
  "timeToFirstByte": 418.957,
  "weight": {
    "summary": "39 requests • 760 KiB",
    "total": 778486,
    "image": 19336,
    "imageCount": 18,
    "script": 535103,
    "scriptCount": 7,
    "document": 112663,
    "font": 34378,
    "fontCount": 1,
    "stylesheet": 14267,
    "stylesheetCount": 3,
    "thirdParty": 55105,
    "thirdPartyCount": 7
  },
  "run": {
    "number": 1,
    "total": 3
  },
  "axe": {
    "passes": 801,
    "violations": 4
  }
}