{
  "url": "https://emcasa.com/corretor-parceiro",
  "requestedUrl": "https://www.emcasa.com/corretor-parceiro",
  "timestamp": 1693480176920,
  "ranks": {
    "hundos": 8,
    "performance": 7,
    "accessibility": 8,
    "cumulative": 8
  },
  "lighthouse": {
    "version": "9.4.0",
    "performance": 0.41,
    "accessibility": 0.97,
    "bestPractices": 0.83,
    "seo": 0.92,
    "total": 316
  },
  "firstContentfulPaint": 5958.335,
  "firstMeaningfulPaint": 5958.335,
  "speedIndex": 5958.335,
  "largestContentfulPaint": 6258.335,
  "totalBlockingTime": 703.9999999999995,
  "cumulativeLayoutShift": 0.008091176138983833,
  "timeToInteractive": 7147.334999999999,
  "maxPotentialFirstInputDelay": 815,
  "timeToFirstByte": 35.134,
  "weight": {
    "summary": "39 requests • 922 KiB",
    "total": 943627,
    "image": 19726,
    "imageCount": 18,
    "script": 535096,
    "scriptCount": 7,
    "document": 96039,
    "font": 35871,
    "fontCount": 1,
    "stylesheet": 14360,
    "stylesheetCount": 3,
    "thirdParty": 57050,
    "thirdPartyCount": 7
  },
  "run": {
    "number": 2,
    "total": 3
  },
  "axe": {
    "passes": 777,
    "violations": 4
  }
}