{
  "url": "https://emcasa.com/corretor-parceiro",
  "requestedUrl": "https://emcasa.com/corretor-parceiro",
  "timestamp": 1706699424495,
  "ranks": {
    "hundos": 8,
    "performance": 4,
    "accessibility": 7,
    "cumulative": 8
  },
  "lighthouse": {
    "version": "9.4.0",
    "performance": 0.74,
    "accessibility": 1,
    "bestPractices": 0.83,
    "seo": 0.93,
    "total": 350
  },
  "firstContentfulPaint": 2566.4790000000003,
  "firstMeaningfulPaint": 2566.4790000000003,
  "speedIndex": 3583.9119252442306,
  "largestContentfulPaint": 2866.4790000000007,
  "totalBlockingTime": 514,
  "cumulativeLayoutShift": 0.008091176138983833,
  "timeToInteractive": 6130.478999999999,
  "maxPotentialFirstInputDelay": 564,
  "timeToFirstByte": 213.09,
  "weight": {
    "summary": "38 requests • 703 KiB",
    "total": 719631,
    "image": 19450,
    "imageCount": 18,
    "script": 535248,
    "scriptCount": 7,
    "document": 113535,
    "font": 35872,
    "fontCount": 1,
    "stylesheet": 14332,
    "stylesheetCount": 3,
    "thirdParty": 57453,
    "thirdPartyCount": 7
  },
  "run": {
    "number": 2,
    "total": 3
  },
  "axe": {
    "passes": 699,
    "violations": 4
  }
}