{
  "url": "https://emcasa.com/corretor-parceiro",
  "requestedUrl": "https://www.emcasa.com/corretor-parceiro",
  "timestamp": 1688987446742,
  "ranks": {
    "hundos": 8,
    "performance": 8,
    "accessibility": 6,
    "cumulative": 8
  },
  "lighthouse": {
    "version": "9.4.0",
    "performance": 0.32,
    "accessibility": 1,
    "bestPractices": 0.83,
    "seo": 0.92,
    "total": 307
  },
  "firstContentfulPaint": 6505.755999999999,
  "firstMeaningfulPaint": 6505.755999999999,
  "speedIndex": 6505.755999999999,
  "largestContentfulPaint": 6805.755999999999,
  "totalBlockingTime": 1068,
  "cumulativeLayoutShift": 0.008091176138983833,
  "timeToInteractive": 8643.756,
  "maxPotentialFirstInputDelay": 1082,
  "timeToFirstByte": 52.169,
  "weight": {
    "summary": "42 requests • 875 KiB",
    "total": 895745,
    "image": 19374,
    "imageCount": 18,
    "script": 655575,
    "scriptCount": 9,
    "document": 109124,
    "font": 35872,
    "fontCount": 1,
    "stylesheet": 14357,
    "stylesheetCount": 3,
    "thirdParty": 177222,
    "thirdPartyCount": 10
  },
  "run": {
    "number": 2,
    "total": 3
  },
  "axe": {
    "passes": 741,
    "violations": 4
  }
}