{
  "url": "https://emcasa.com/corretor-parceiro",
  "requestedUrl": "https://www.emcasa.com/corretor-parceiro",
  "timestamp": 1676113802632,
  "ranks": {
    "hundos": 5,
    "performance": 4,
    "accessibility": 5,
    "cumulative": 5
  },
  "lighthouse": {
    "version": "9.4.0",
    "performance": 0.38,
    "accessibility": 1,
    "bestPractices": 0.83,
    "seo": 0.91,
    "total": 312
  },
  "firstContentfulPaint": 6293.429,
  "firstMeaningfulPaint": 6293.429,
  "speedIndex": 6293.429,
  "largestContentfulPaint": 6600.525,
  "totalBlockingTime": 728.2260000000001,
  "cumulativeLayoutShift": 0.008091176138983833,
  "timeToInteractive": 8149.231,
  "maxPotentialFirstInputDelay": 815,
  "timeToFirstByte": 146.67600000000002,
  "weight": {
    "summary": "41 requests • 783 KiB",
    "total": 801445,
    "image": 19375,
    "imageCount": 18,
    "script": 534974,
    "scriptCount": 9,
    "document": 126654,
    "font": 34399,
    "fontCount": 1,
    "stylesheet": 14266,
    "stylesheetCount": 3,
    "thirdParty": 55123,
    "thirdPartyCount": 9
  },
  "run": {
    "number": 2,
    "total": 3
  },
  "axe": {
    "passes": 830,
    "violations": 4
  }
}