{
  "url": "https://emcasa.com/corretor-parceiro",
  "requestedUrl": "https://www.emcasa.com/corretor-parceiro",
  "timestamp": 1686222695853,
  "ranks": {
    "hundos": 7,
    "performance": 7,
    "accessibility": 7,
    "cumulative": 7
  },
  "lighthouse": {
    "version": "9.4.0",
    "performance": 0.39,
    "accessibility": 0.97,
    "bestPractices": 0.83,
    "seo": 0.92,
    "total": 314
  },
  "firstContentfulPaint": 5950.912,
  "firstMeaningfulPaint": 5950.912,
  "speedIndex": 5950.912,
  "largestContentfulPaint": 6100.912,
  "totalBlockingTime": 795.5,
  "cumulativeLayoutShift": 0.008091176138983833,
  "timeToInteractive": 7266.412,
  "maxPotentialFirstInputDelay": 805,
  "timeToFirstByte": 37.758,
  "weight": {
    "summary": "39 requests • 756 KiB",
    "total": 774401,
    "image": 19646,
    "imageCount": 18,
    "script": 535150,
    "scriptCount": 7,
    "document": 108961,
    "font": 34378,
    "fontCount": 1,
    "stylesheet": 14284,
    "stylesheetCount": 3,
    "thirdParty": 55424,
    "thirdPartyCount": 7
  },
  "run": {
    "number": 3,
    "total": 3
  },
  "axe": {
    "passes": 801,
    "violations": 4
  }
}