{
  "url": "https://emcasa.com/corretor-parceiro",
  "requestedUrl": "https://emcasa.com/corretor-parceiro",
  "timestamp": 1700305633319,
  "ranks": {
    "hundos": 9,
    "performance": 4,
    "accessibility": 13,
    "cumulative": 9
  },
  "lighthouse": {
    "version": "9.4.0",
    "performance": 0.79,
    "accessibility": 0.97,
    "bestPractices": 0.83,
    "seo": 0.93,
    "total": 355
  },
  "firstContentfulPaint": 2148.957,
  "firstMeaningfulPaint": 2148.957,
  "speedIndex": 3409.462166740316,
  "largestContentfulPaint": 2449.7069999999994,
  "totalBlockingTime": 478,
  "cumulativeLayoutShift": 0.008091176138983833,
  "timeToInteractive": 5433.706999999999,
  "maxPotentialFirstInputDelay": 513,
  "timeToFirstByte": 185.733,
  "weight": {
    "summary": "38 requests • 615 KiB",
    "total": 629506,
    "image": 19163,
    "imageCount": 18,
    "script": 535066,
    "scriptCount": 7,
    "document": 24299,
    "font": 35872,
    "fontCount": 1,
    "stylesheet": 14324,
    "stylesheetCount": 3,
    "thirdParty": 56781,
    "thirdPartyCount": 7
  },
  "run": {
    "number": 1,
    "total": 3
  },
  "axe": {
    "passes": 741,
    "violations": 4
  }
}