{
  "url": "https://emcasa.com/corretor-parceiro",
  "requestedUrl": "https://www.emcasa.com/corretor-parceiro",
  "timestamp": 1682766549375,
  "ranks": {
    "hundos": 7,
    "performance": 7,
    "accessibility": 7,
    "cumulative": 7
  },
  "lighthouse": {
    "version": "9.4.0",
    "performance": 0.41,
    "accessibility": 0.97,
    "bestPractices": 0.83,
    "seo": 0.92,
    "total": 313
  },
  "firstContentfulPaint": 5919.093,
  "firstMeaningfulPaint": 5919.093,
  "speedIndex": 5919.093,
  "largestContentfulPaint": 6069.093,
  "totalBlockingTime": 722,
  "cumulativeLayoutShift": 0.008091176138983833,
  "timeToInteractive": 7178.093,
  "maxPotentialFirstInputDelay": 775,
  "timeToFirstByte": 38.617000000000004,
  "weight": {
    "summary": "39 requests • 757 KiB",
    "total": 775373,
    "image": 19629,
    "imageCount": 18,
    "script": 535164,
    "scriptCount": 7,
    "document": 109798,
    "font": 34378,
    "fontCount": 1,
    "stylesheet": 14286,
    "stylesheetCount": 3,
    "thirdParty": 55411,
    "thirdPartyCount": 7
  },
  "run": {
    "number": 2,
    "total": 3
  },
  "axe": {
    "passes": 801,
    "violations": 4
  }
}