{
  "url": "https://emcasa.com/corretor-parceiro",
  "requestedUrl": "https://www.emcasa.com/corretor-parceiro",
  "timestamp": 1694257851240,
  "ranks": {
    "hundos": 8,
    "performance": 6,
    "accessibility": 6,
    "cumulative": 8
  },
  "lighthouse": {
    "version": "9.4.0",
    "performance": 0.32,
    "accessibility": 1,
    "bestPractices": 0.83,
    "seo": 0.92,
    "total": 307
  },
  "firstContentfulPaint": 6404.18,
  "firstMeaningfulPaint": 6404.18,
  "speedIndex": 6404.18,
  "largestContentfulPaint": 6554.18,
  "totalBlockingTime": 1085.499999999999,
  "cumulativeLayoutShift": 0.008091176138983833,
  "timeToInteractive": 8617.18,
  "maxPotentialFirstInputDelay": 1163.999999999999,
  "timeToFirstByte": 32.878,
  "weight": {
    "summary": "42 requests • 1,215 KiB",
    "total": 1244462,
    "image": 249357,
    "imageCount": 18,
    "script": 658416,
    "scriptCount": 9,
    "document": 82938,
    "font": 35871,
    "fontCount": 1,
    "stylesheet": 14323,
    "stylesheetCount": 3,
    "thirdParty": 180483,
    "thirdPartyCount": 10
  },
  "run": {
    "number": 2,
    "total": 3
  },
  "axe": {
    "passes": 777,
    "violations": 4
  }
}