{
  "url": "https://emcasa.com/corretor-parceiro",
  "requestedUrl": "https://www.emcasa.com/corretor-parceiro",
  "timestamp": 1693912239303,
  "ranks": {
    "hundos": 8,
    "performance": 5,
    "accessibility": 5,
    "cumulative": 8
  },
  "lighthouse": {
    "version": "9.4.0",
    "performance": 0.35,
    "accessibility": 1,
    "bestPractices": 0.83,
    "seo": 0.92,
    "total": 310
  },
  "firstContentfulPaint": 6102.741,
  "firstMeaningfulPaint": 6102.741,
  "speedIndex": 6102.741,
  "largestContentfulPaint": 6598.241,
  "totalBlockingTime": 907.5,
  "cumulativeLayoutShift": 0.008091176138983833,
  "timeToInteractive": 8143.241,
  "maxPotentialFirstInputDelay": 1023,
  "timeToFirstByte": 33.64,
  "weight": {
    "summary": "41 requests • 870 KiB",
    "total": 890476,
    "image": 19710,
    "imageCount": 18,
    "script": 535065,
    "scriptCount": 9,
    "document": 81912,
    "font": 35872,
    "fontCount": 1,
    "stylesheet": 14357,
    "stylesheetCount": 3,
    "thirdParty": 57090,
    "thirdPartyCount": 9
  },
  "run": {
    "number": 2,
    "total": 3
  },
  "axe": {
    "passes": 741,
    "violations": 4
  }
}