{
  "url": "https://emcasa.com/corretor-parceiro",
  "requestedUrl": "https://www.emcasa.com/corretor-parceiro",
  "timestamp": 1680865976244,
  "ranks": {
    "hundos": 7,
    "performance": 7,
    "accessibility": 5,
    "cumulative": 7
  },
  "lighthouse": {
    "version": "9.4.0",
    "performance": 0.4,
    "accessibility": 1,
    "bestPractices": 0.83,
    "seo": 0.92,
    "total": 315
  },
  "firstContentfulPaint": 3485.147,
  "firstMeaningfulPaint": 3560.147,
  "speedIndex": 5970.286227194305,
  "largestContentfulPaint": 3785.147,
  "totalBlockingTime": 2208,
  "cumulativeLayoutShift": 0.008091176138983833,
  "timeToInteractive": 14204.157,
  "maxPotentialFirstInputDelay": 1103.0000000000018,
  "timeToFirstByte": 53.205,
  "weight": {
    "summary": "103 requests • 1,339 KiB",
    "total": 1371445,
    "image": 23316,
    "imageCount": 30,
    "script": 1107976,
    "scriptCount": 35,
    "document": 121369,
    "font": 34379,
    "fontCount": 1,
    "stylesheet": 14255,
    "stylesheetCount": 3,
    "thirdParty": 647468,
    "thirdPartyCount": 71
  },
  "run": {
    "number": 3,
    "total": 3
  },
  "axe": {
    "passes": 753,
    "violations": 4
  }
}