{
  "url": "https://emcasa.com/corretor-parceiro",
  "requestedUrl": "https://www.emcasa.com/corretor-parceiro",
  "timestamp": 1693825777531,
  "ranks": {
    "hundos": 8,
    "performance": 8,
    "accessibility": 8,
    "cumulative": 8
  },
  "lighthouse": {
    "version": "9.4.0",
    "performance": 0.43,
    "accessibility": 0.97,
    "bestPractices": 0.83,
    "seo": 0.92,
    "total": 318
  },
  "firstContentfulPaint": 4858.436,
  "firstMeaningfulPaint": 4858.436,
  "speedIndex": 4858.436,
  "largestContentfulPaint": 5308.436,
  "totalBlockingTime": 877.5,
  "cumulativeLayoutShift": 0.008091176138983833,
  "timeToInteractive": 7188.936000000001,
  "maxPotentialFirstInputDelay": 789,
  "timeToFirstByte": 38.004,
  "weight": {
    "summary": "39 requests • 921 KiB",
    "total": 943381,
    "image": 19444,
    "imageCount": 18,
    "script": 535108,
    "scriptCount": 7,
    "document": 96054,
    "font": 35872,
    "fontCount": 1,
    "stylesheet": 14370,
    "stylesheetCount": 3,
    "thirdParty": 56772,
    "thirdPartyCount": 7
  },
  "run": {
    "number": 2,
    "total": 3
  },
  "axe": {
    "passes": 741,
    "violations": 4
  }
}