{
  "url": "https://emcasa.com/corretor-parceiro",
  "requestedUrl": "https://www.emcasa.com/corretor-parceiro",
  "timestamp": 1694344173929,
  "ranks": {
    "hundos": 8,
    "performance": 7,
    "accessibility": 6,
    "cumulative": 8
  },
  "lighthouse": {
    "version": "9.4.0",
    "performance": 0.42,
    "accessibility": 1,
    "bestPractices": 0.83,
    "seo": 0.92,
    "total": 317
  },
  "firstContentfulPaint": 5861.974,
  "firstMeaningfulPaint": 5861.974,
  "speedIndex": 5861.974,
  "largestContentfulPaint": 6161.974,
  "totalBlockingTime": 655,
  "cumulativeLayoutShift": 0.008091176138983833,
  "timeToInteractive": 7159.474,
  "maxPotentialFirstInputDelay": 775,
  "timeToFirstByte": 49.841,
  "weight": {
    "summary": "39 requests • 1,094 KiB",
    "total": 1120734,
    "image": 249059,
    "imageCount": 18,
    "script": 534985,
    "scriptCount": 7,
    "document": 82938,
    "font": 35872,
    "fontCount": 1,
    "stylesheet": 14325,
    "stylesheetCount": 3,
    "thirdParty": 56770,
    "thirdPartyCount": 7
  },
  "run": {
    "number": 2,
    "total": 3
  },
  "axe": {
    "passes": 986,
    "violations": 6
  }
}