{
  "url": "https://emcasa.com/corretor-parceiro",
  "requestedUrl": "https://www.emcasa.com/corretor-parceiro",
  "timestamp": 1690888261903,
  "ranks": {
    "hundos": 8,
    "performance": 8,
    "accessibility": 8,
    "cumulative": 8
  },
  "lighthouse": {
    "version": "9.4.0",
    "performance": 0.32,
    "accessibility": 0.97,
    "bestPractices": 0.83,
    "seo": 0.92,
    "total": 307
  },
  "firstContentfulPaint": 6493.1669999999995,
  "firstMeaningfulPaint": 6493.1669999999995,
  "speedIndex": 6493.1669999999995,
  "largestContentfulPaint": 6643.1669999999995,
  "totalBlockingTime": 1076,
  "cumulativeLayoutShift": 0.008091176138983833,
  "timeToInteractive": 8310.253999999999,
  "maxPotentialFirstInputDelay": 1216,
  "timeToFirstByte": 57.266999999999996,
  "weight": {
    "summary": "39 requests • 699 KiB",
    "total": 715277,
    "image": 19625,
    "imageCount": 18,
    "script": 535117,
    "scriptCount": 7,
    "document": 109263,
    "font": 35873,
    "fontCount": 1,
    "stylesheet": 14357,
    "stylesheetCount": 3,
    "thirdParty": 57004,
    "thirdPartyCount": 7
  },
  "run": {
    "number": 2,
    "total": 3
  },
  "axe": {
    "passes": 741,
    "violations": 4
  }
}