{
  "url": "https://emcasa.com/corretor-parceiro",
  "requestedUrl": "https://emcasa.com/corretor-parceiro",
  "timestamp": 1703070783778,
  "ranks": {
    "hundos": 6,
    "performance": 5,
    "accessibility": 8,
    "cumulative": 6
  },
  "lighthouse": {
    "version": "9.4.0",
    "performance": 0.78,
    "accessibility": 1,
    "bestPractices": 0.83,
    "seo": 0.93,
    "total": 354
  },
  "firstContentfulPaint": 2127.118,
  "firstMeaningfulPaint": 2127.118,
  "speedIndex": 3855.648342130113,
  "largestContentfulPaint": 2429.056,
  "totalBlockingTime": 452.00000000000045,
  "cumulativeLayoutShift": 0.008091176138983833,
  "timeToInteractive": 6528.827500000001,
  "maxPotentialFirstInputDelay": 493.00000000000045,
  "timeToFirstByte": 31.544999999999998,
  "weight": {
    "summary": "40 requests • 739 KiB",
    "total": 756470,
    "image": 19511,
    "imageCount": 18,
    "script": 660942,
    "scriptCount": 9,
    "document": 24625,
    "font": 35872,
    "fontCount": 1,
    "stylesheet": 14329,
    "stylesheetCount": 3,
    "thirdParty": 183430,
    "thirdPartyCount": 9
  },
  "run": {
    "number": 3,
    "total": 3
  },
  "axe": {
    "passes": 735,
    "violations": 4
  }
}