{
  "url": "https://emcasa.com/corretor-parceiro",
  "requestedUrl": "https://www.emcasa.com/corretor-parceiro",
  "timestamp": 1693220972754,
  "ranks": {
    "hundos": 8,
    "performance": 7,
    "accessibility": 5,
    "cumulative": 8
  },
  "lighthouse": {
    "version": "9.4.0",
    "performance": 0.42,
    "accessibility": 1,
    "bestPractices": 0.83,
    "seo": 0.92,
    "total": 317
  },
  "firstContentfulPaint": 5920.843,
  "firstMeaningfulPaint": 5920.843,
  "speedIndex": 5920.843,
  "largestContentfulPaint": 6070.843,
  "totalBlockingTime": 653.5,
  "cumulativeLayoutShift": 0.008091176138983833,
  "timeToInteractive": 7104.343,
  "maxPotentialFirstInputDelay": 775,
  "timeToFirstByte": 37.678,
  "weight": {
    "summary": "39 requests • 921 KiB",
    "total": 943604,
    "image": 19699,
    "imageCount": 18,
    "script": 535089,
    "scriptCount": 7,
    "document": 96046,
    "font": 35872,
    "fontCount": 1,
    "stylesheet": 14366,
    "stylesheetCount": 3,
    "thirdParty": 57047,
    "thirdPartyCount": 7
  },
  "run": {
    "number": 2,
    "total": 3
  },
  "axe": {
    "passes": 986,
    "violations": 6
  }
}