{
  "url": "https://emcasa.com/corretor-parceiro",
  "requestedUrl": "https://www.emcasa.com/corretor-parceiro",
  "timestamp": 1681038447429,
  "ranks": {
    "hundos": 8,
    "performance": 8,
    "accessibility": 7,
    "cumulative": 8
  },
  "lighthouse": {
    "version": "9.4.0",
    "performance": 0.4,
    "accessibility": 0.97,
    "bestPractices": 0.83,
    "seo": 0.92,
    "total": 312
  },
  "firstContentfulPaint": 5992.308,
  "firstMeaningfulPaint": 5992.308,
  "speedIndex": 5992.308,
  "largestContentfulPaint": 5992.308,
  "totalBlockingTime": 761,
  "cumulativeLayoutShift": 0.008091176138983833,
  "timeToInteractive": 7222.308000000001,
  "maxPotentialFirstInputDelay": 806,
  "timeToFirstByte": 616.416,
  "weight": {
    "summary": "39 requests • 762 KiB",
    "total": 780354,
    "image": 19626,
    "imageCount": 18,
    "script": 535119,
    "scriptCount": 7,
    "document": 113462,
    "font": 34378,
    "fontCount": 1,
    "stylesheet": 14368,
    "stylesheetCount": 3,
    "thirdParty": 55496,
    "thirdPartyCount": 7
  },
  "run": {
    "number": 1,
    "total": 3
  },
  "axe": {
    "passes": 753,
    "violations": 4
  }
}