{
  "url": "https://emcasa.com/corretor-parceiro",
  "requestedUrl": "https://www.emcasa.com/corretor-parceiro",
  "timestamp": 1690542769131,
  "ranks": {
    "hundos": 8,
    "performance": 8,
    "accessibility": 8,
    "cumulative": 8
  },
  "lighthouse": {
    "version": "9.4.0",
    "performance": 0.37,
    "accessibility": 0.97,
    "bestPractices": 0.83,
    "seo": 0.92,
    "total": 312
  },
  "firstContentfulPaint": 5066.798,
  "firstMeaningfulPaint": 5066.798,
  "speedIndex": 5183.8812718494055,
  "largestContentfulPaint": 5366.797999999999,
  "totalBlockingTime": 1195,
  "cumulativeLayoutShift": 0.008091176138983833,
  "timeToInteractive": 8512.797999999999,
  "maxPotentialFirstInputDelay": 965,
  "timeToFirstByte": 30.113,
  "weight": {
    "summary": "41 requests • 989 KiB",
    "total": 1012295,
    "image": 19606,
    "imageCount": 18,
    "script": 554631,
    "scriptCount": 9,
    "document": 109284,
    "font": 35872,
    "fontCount": 1,
    "stylesheet": 14354,
    "stylesheetCount": 3,
    "thirdParty": 76555,
    "thirdPartyCount": 9
  },
  "run": {
    "number": 3,
    "total": 3
  },
  "axe": {
    "passes": 741,
    "violations": 4
  }
}