{
  "url": "https://emcasa.com/corretor-parceiro",
  "requestedUrl": "https://emcasa.com/corretor-parceiro",
  "timestamp": 1695640451023,
  "ranks": {
    "hundos": 13,
    "performance": 13,
    "accessibility": 8,
    "cumulative": 13
  },
  "lighthouse": {
    "version": "9.4.0",
    "performance": 0.44,
    "accessibility": 1,
    "bestPractices": 0.83,
    "seo": 0.92,
    "total": 319
  },
  "firstContentfulPaint": 5115.974,
  "firstMeaningfulPaint": 5115.974,
  "speedIndex": 5115.974,
  "largestContentfulPaint": 5468.5815,
  "totalBlockingTime": 809.2784999999999,
  "cumulativeLayoutShift": 0.008091176138983833,
  "timeToInteractive": 6350.7965,
  "maxPotentialFirstInputDelay": 831,
  "timeToFirstByte": 32.333,
  "weight": {
    "summary": "38 requests • 871 KiB",
    "total": 891686,
    "image": 19133,
    "imageCount": 18,
    "script": 534977,
    "scriptCount": 7,
    "document": 83896,
    "font": 35872,
    "fontCount": 1,
    "stylesheet": 14324,
    "stylesheetCount": 3,
    "thirdParty": 56767,
    "thirdPartyCount": 7
  },
  "run": {
    "number": 3,
    "total": 3
  },
  "axe": {
    "passes": 777,
    "violations": 4
  }
}