{
  "url": "https://emcasa.com/corretor-parceiro",
  "requestedUrl": "https://www.emcasa.com/corretor-parceiro",
  "timestamp": 1693048336573,
  "ranks": {
    "hundos": 6,
    "performance": 6,
    "accessibility": 5,
    "cumulative": 6
  },
  "lighthouse": {
    "version": "9.4.0",
    "performance": 0.4,
    "accessibility": 1,
    "bestPractices": 0.83,
    "seo": 0.92,
    "total": 315
  },
  "firstContentfulPaint": 4923.237999999999,
  "firstMeaningfulPaint": 4923.237999999999,
  "speedIndex": 6552.642783518718,
  "largestContentfulPaint": 4923.237999999999,
  "totalBlockingTime": 879.4999999999991,
  "cumulativeLayoutShift": 0.008091176138983833,
  "timeToInteractive": 8417.05,
  "maxPotentialFirstInputDelay": 750,
  "timeToFirstByte": 790.794,
  "weight": {
    "summary": "54 requests • 1,021 KiB",
    "total": 1045787,
    "image": 19400,
    "imageCount": 18,
    "script": 637574,
    "scriptCount": 21,
    "document": 96045,
    "font": 35872,
    "fontCount": 1,
    "stylesheet": 14363,
    "stylesheetCount": 3,
    "thirdParty": 159214,
    "thirdPartyCount": 22
  },
  "run": {
    "number": 3,
    "total": 3
  },
  "axe": {
    "passes": 741,
    "violations": 4
  }
}