{
  "url": "https://emcasa.com/corretor-parceiro",
  "requestedUrl": "https://www.emcasa.com/corretor-parceiro",
  "timestamp": 1693393668695,
  "ranks": {
    "hundos": 6,
    "performance": 3,
    "accessibility": 8,
    "cumulative": 7
  },
  "lighthouse": {
    "version": "9.4.0",
    "performance": 0.56,
    "accessibility": 0.97,
    "bestPractices": 0.83,
    "seo": 0.92,
    "total": 331
  },
  "firstContentfulPaint": 3345.245,
  "firstMeaningfulPaint": 3345.245,
  "speedIndex": 4469.769003330826,
  "largestContentfulPaint": 3645.245,
  "totalBlockingTime": 864,
  "cumulativeLayoutShift": 0.008091176138983833,
  "timeToInteractive": 7206.745,
  "maxPotentialFirstInputDelay": 858,
  "timeToFirstByte": 425.845,
  "weight": {
    "summary": "39 requests • 921 KiB",
    "total": 943406,
    "image": 19438,
    "imageCount": 18,
    "script": 535149,
    "scriptCount": 7,
    "document": 96052,
    "font": 35871,
    "fontCount": 1,
    "stylesheet": 14361,
    "stylesheetCount": 3,
    "thirdParty": 56773,
    "thirdPartyCount": 7
  },
  "run": {
    "number": 1,
    "total": 3
  },
  "axe": {
    "passes": 741,
    "violations": 4
  }
}