{
  "url": "https://emcasa.com/corretor-parceiro",
  "requestedUrl": "https://emcasa.com/corretor-parceiro",
  "timestamp": 1703934620185,
  "ranks": {
    "hundos": 9,
    "performance": 3,
    "accessibility": 8,
    "cumulative": 9
  },
  "lighthouse": {
    "version": "9.4.0",
    "performance": 0.69,
    "accessibility": 1,
    "bestPractices": 0.83,
    "seo": 0.93,
    "total": 345
  },
  "firstContentfulPaint": 1700.716,
  "firstMeaningfulPaint": 1700.716,
  "speedIndex": 4694.710587502909,
  "largestContentfulPaint": 1700.716,
  "totalBlockingTime": 801.9075000000012,
  "cumulativeLayoutShift": 0.008091176138983833,
  "timeToInteractive": 10673.111500000003,
  "maxPotentialFirstInputDelay": 533.0000000000009,
  "timeToFirstByte": 80.478,
  "weight": {
    "summary": "77 requests • 1,153 KiB",
    "total": 1180701,
    "image": 21857,
    "imageCount": 26,
    "script": 1070369,
    "scriptCount": 25,
    "document": 33476,
    "font": 35872,
    "fontCount": 1,
    "stylesheet": 14328,
    "stylesheetCount": 3,
    "thirdParty": 606671,
    "thirdPartyCount": 46
  },
  "run": {
    "number": 2,
    "total": 3
  },
  "axe": {
    "passes": 735,
    "violations": 4
  }
}