{
  "url": "https://emcasa.com/corretor-parceiro",
  "requestedUrl": "https://emcasa.com/corretor-parceiro",
  "timestamp": 1695083646836,
  "ranks": {
    "hundos": 12,
    "performance": 10,
    "accessibility": 8,
    "cumulative": 12
  },
  "lighthouse": {
    "version": "9.4.0",
    "performance": 0.51,
    "accessibility": 1,
    "bestPractices": 0.83,
    "seo": 0.92,
    "total": 326
  },
  "firstContentfulPaint": 5217.449,
  "firstMeaningfulPaint": 5217.449,
  "speedIndex": 5843.438905532514,
  "largestContentfulPaint": 5217.449,
  "totalBlockingTime": 361,
  "cumulativeLayoutShift": 0.008091176138983833,
  "timeToInteractive": 9119.366999999998,
  "maxPotentialFirstInputDelay": 294,
  "timeToFirstByte": 194.63600000000002,
  "weight": {
    "summary": "62 requests • 1,179 KiB",
    "total": 1207174,
    "image": 19501,
    "imageCount": 20,
    "script": 849800,
    "scriptCount": 24,
    "document": 83891,
    "font": 35872,
    "fontCount": 1,
    "stylesheet": 14324,
    "stylesheetCount": 3,
    "thirdParty": 372318,
    "thirdPartyCount": 31
  },
  "run": {
    "number": 3,
    "total": 3
  },
  "axe": {
    "passes": 741,
    "violations": 4
  }
}