{
  "url": "https://emcasa.com/corretor-parceiro",
  "requestedUrl": "https://www.emcasa.com/corretor-parceiro",
  "timestamp": 1684840283189,
  "ranks": {
    "hundos": 7,
    "performance": 4,
    "accessibility": 5,
    "cumulative": 7
  },
  "lighthouse": {
    "version": "9.4.0",
    "performance": 0.57,
    "accessibility": 1,
    "bestPractices": 0.83,
    "seo": 0.92,
    "total": 332
  },
  "firstContentfulPaint": 3490.543,
  "firstMeaningfulPaint": 3490.543,
  "speedIndex": 4010.2644946117052,
  "largestContentfulPaint": 3790.5429999999997,
  "totalBlockingTime": 777,
  "cumulativeLayoutShift": 0.008091176138983833,
  "timeToInteractive": 7147.543,
  "maxPotentialFirstInputDelay": 754,
  "timeToFirstByte": 39.043,
  "weight": {
    "summary": "39 requests • 758 KiB",
    "total": 775681,
    "image": 19348,
    "imageCount": 18,
    "script": 535103,
    "scriptCount": 7,
    "document": 110394,
    "font": 34379,
    "fontCount": 1,
    "stylesheet": 14285,
    "stylesheetCount": 3,
    "thirdParty": 55143,
    "thirdPartyCount": 7
  },
  "run": {
    "number": 3,
    "total": 3
  },
  "axe": {
    "passes": 801,
    "violations": 4
  }
}