{
  "url": "https://emcasa.com/corretor-parceiro",
  "requestedUrl": "https://emcasa.com/corretor-parceiro",
  "timestamp": 1698664273051,
  "ranks": {
    "hundos": 13,
    "performance": 13,
    "accessibility": 13,
    "cumulative": 13
  },
  "lighthouse": {
    "version": "9.4.0",
    "performance": 0.45,
    "accessibility": 0.97,
    "bestPractices": 0.83,
    "seo": 0.92,
    "total": 320
  },
  "firstContentfulPaint": 5117.895,
  "firstMeaningfulPaint": 5117.895,
  "speedIndex": 5117.895,
  "largestContentfulPaint": 5342.895,
  "totalBlockingTime": 791.9999999999995,
  "cumulativeLayoutShift": 0.008091176138983833,
  "timeToInteractive": 6148.895,
  "maxPotentialFirstInputDelay": 841,
  "timeToFirstByte": 38.106,
  "weight": {
    "summary": "38 requests • 669 KiB",
    "total": 685021,
    "image": 19475,
    "imageCount": 18,
    "script": 534988,
    "scriptCount": 7,
    "document": 79563,
    "font": 35872,
    "fontCount": 1,
    "stylesheet": 14340,
    "stylesheetCount": 3,
    "thirdParty": 57050,
    "thirdPartyCount": 7
  },
  "run": {
    "number": 2,
    "total": 3
  },
  "axe": {
    "passes": 741,
    "violations": 4
  }
}