{
  "url": "https://emcasa.com/corretor-parceiro",
  "requestedUrl": "https://emcasa.com/corretor-parceiro",
  "timestamp": 1699701154608,
  "ranks": {
    "hundos": 7,
    "performance": 2,
    "accessibility": 8,
    "cumulative": 7
  },
  "lighthouse": {
    "version": "9.4.0",
    "performance": 0.81,
    "accessibility": 1,
    "bestPractices": 0.83,
    "seo": 0.93,
    "total": 357
  },
  "firstContentfulPaint": 2118.292,
  "firstMeaningfulPaint": 2118.292,
  "speedIndex": 3023.119942506045,
  "largestContentfulPaint": 2268.62,
  "totalBlockingTime": 434.00000000000045,
  "cumulativeLayoutShift": 0.008091176138983833,
  "timeToInteractive": 6485.656000000001,
  "maxPotentialFirstInputDelay": 482.0000000000009,
  "timeToFirstByte": 26.581000000000003,
  "weight": {
    "summary": "40 requests • 737 KiB",
    "total": 754585,
    "image": 19205,
    "imageCount": 18,
    "script": 660098,
    "scriptCount": 9,
    "document": 24302,
    "font": 35871,
    "fontCount": 1,
    "stylesheet": 14326,
    "stylesheetCount": 3,
    "thirdParty": 181872,
    "thirdPartyCount": 9
  },
  "run": {
    "number": 3,
    "total": 3
  },
  "axe": {
    "passes": 741,
    "violations": 4
  }
}