{
  "url": "https://emcasa.com/corretor-parceiro",
  "requestedUrl": "https://emcasa.com/corretor-parceiro",
  "timestamp": 1706181169154,
  "ranks": {
    "hundos": 4,
    "performance": 3,
    "accessibility": 7,
    "cumulative": 4
  },
  "lighthouse": {
    "version": "9.4.0",
    "performance": 0.78,
    "accessibility": 1,
    "bestPractices": 0.83,
    "seo": 0.93,
    "total": 354
  },
  "firstContentfulPaint": 2568.479,
  "firstMeaningfulPaint": 2568.479,
  "speedIndex": 2788.730207166334,
  "largestContentfulPaint": 2568.479,
  "totalBlockingTime": 476,
  "cumulativeLayoutShift": 0.008091176138983833,
  "timeToInteractive": 5797.089000000001,
  "maxPotentialFirstInputDelay": 526.0000000000005,
  "timeToFirstByte": 169.99900000000002,
  "weight": {
    "summary": "38 requests • 709 KiB",
    "total": 725728,
    "image": 19199,
    "imageCount": 18,
    "script": 535224,
    "scriptCount": 7,
    "document": 119920,
    "font": 35871,
    "fontCount": 1,
    "stylesheet": 14326,
    "stylesheetCount": 3,
    "thirdParty": 57179,
    "thirdPartyCount": 7
  },
  "run": {
    "number": 3,
    "total": 3
  },
  "axe": {
    "passes": 711,
    "violations": 4
  }
}