{
  "url": "https://emcasa.com/imoveis/sp/sao-paulo/vila-mariana/condominio-abitare-chacara-klabin",
  "requestedUrl": "https://emcasa.com/imoveis/sp/sao-paulo/vila-mariana/condominio-abitare-chacara-klabin",
  "timestamp": 1715944210964,
  "ranks": {
    "hundos": 5,
    "performance": 6,
    "accessibility": 10,
    "cumulative": 5
  },
  "lighthouse": {
    "version": "9.4.0",
    "performance": 0.69,
    "accessibility": 1,
    "bestPractices": 0.92,
    "seo": 1,
    "total": 361
  },
  "firstContentfulPaint": 1235.905,
  "firstMeaningfulPaint": 1235.905,
  "speedIndex": 3411.0607522518517,
  "largestContentfulPaint": 2536.9210000000003,
  "totalBlockingTime": 904.5,
  "cumulativeLayoutShift": 0.02635655381944444,
  "timeToInteractive": 8593.295499999997,
  "maxPotentialFirstInputDelay": 601,
  "timeToFirstByte": 27.187,
  "weight": {
    "summary": "94 requests • 1,530 KiB",
    "total": 1566445,
    "image": 348150,
    "imageCount": 19,
    "script": 1055632,
    "scriptCount": 40,
    "document": 58606,
    "font": 35872,
    "fontCount": 1,
    "stylesheet": 16702,
    "stylesheetCount": 6,
    "thirdParty": 945047,
    "thirdPartyCount": 42
  },
  "run": {
    "number": 2,
    "total": 3
  },
  "axe": {
    "passes": 2185,
    "violations": 10
  }
}