{
  "url": "https://emcasa.com/imoveis/sp/sao-paulo/vila-mariana/condominio-abitare-chacara-klabin",
  "requestedUrl": "https://emcasa.com/imoveis/sp/sao-paulo/vila-mariana/condominio-abitare-chacara-klabin",
  "timestamp": 1715253097902,
  "ranks": {
    "hundos": 9,
    "performance": 10,
    "accessibility": 10,
    "cumulative": 9
  },
  "lighthouse": {
    "version": "9.4.0",
    "performance": 0.62,
    "accessibility": 1,
    "bestPractices": 1,
    "seo": 1,
    "total": 362
  },
  "firstContentfulPaint": 1377.7160000000001,
  "firstMeaningfulPaint": 1377.7160000000001,
  "speedIndex": 4893.903616053826,
  "largestContentfulPaint": 3161.83,
  "totalBlockingTime": 953,
  "cumulativeLayoutShift": 0.02635655381944444,
  "timeToInteractive": 8225.427999999998,
  "maxPotentialFirstInputDelay": 518,
  "timeToFirstByte": 60.22,
  "weight": {
    "summary": "90 requests • 1,497 KiB",
    "total": 1533079,
    "image": 345082,
    "imageCount": 19,
    "script": 1024579,
    "scriptCount": 38,
    "document": 58585,
    "font": 35874,
    "fontCount": 1,
    "stylesheet": 16697,
    "stylesheetCount": 6,
    "thirdParty": 910666,
    "thirdPartyCount": 38
  },
  "run": {
    "number": 3,
    "total": 3
  },
  "axe": {
    "passes": 2185,
    "violations": 10
  }
}