{
  "url": "https://emcasa.com/imoveis/sp/sao-paulo/vila-mariana/condominio-abitare-chacara-klabin",
  "requestedUrl": "https://emcasa.com/imoveis/sp/sao-paulo/vila-mariana/condominio-abitare-chacara-klabin",
  "timestamp": 1720004942079,
  "ranks": {
    "hundos": 7,
    "performance": 6,
    "accessibility": 8,
    "cumulative": 7
  },
  "lighthouse": {
    "version": "9.4.0",
    "performance": 0.66,
    "accessibility": 1,
    "bestPractices": 0.83,
    "seo": 1,
    "total": 349
  },
  "firstContentfulPaint": 1315.317,
  "firstMeaningfulPaint": 1315.317,
  "speedIndex": 4660.8746258069195,
  "largestContentfulPaint": 2888.271,
  "totalBlockingTime": 886.9999999999995,
  "cumulativeLayoutShift": 0.02635655381944444,
  "timeToInteractive": 7442.3420000000015,
  "maxPotentialFirstInputDelay": 500.9999999999991,
  "timeToFirstByte": 38.233999999999995,
  "weight": {
    "summary": "96 requests • 1,644 KiB",
    "total": 1683711,
    "image": 361319,
    "imageCount": 19,
    "script": 1157113,
    "scriptCount": 42,
    "document": 61468,
    "font": 35872,
    "fontCount": 1,
    "stylesheet": 16678,
    "stylesheetCount": 6,
    "thirdParty": 1060112,
    "thirdPartyCount": 44
  },
  "run": {
    "number": 2,
    "total": 3
  },
  "axe": {
    "passes": 2205,
    "violations": 10
  }
}