{
  "url": "https://emcasa.com/imoveis/sp/sao-paulo/vila-mariana/condominio-abitare-chacara-klabin",
  "requestedUrl": "https://emcasa.com/imoveis/sp/sao-paulo/vila-mariana/condominio-abitare-chacara-klabin",
  "timestamp": 1714648136972,
  "ranks": {
    "hundos": 11,
    "performance": 11,
    "accessibility": 10,
    "cumulative": 11
  },
  "lighthouse": {
    "version": "9.4.0",
    "performance": 0.48,
    "accessibility": 1,
    "bestPractices": 1,
    "seo": 1,
    "total": 348
  },
  "firstContentfulPaint": 1240.232,
  "firstMeaningfulPaint": 1240.232,
  "speedIndex": 3894.2145976124516,
  "largestContentfulPaint": 6759.951999999999,
  "totalBlockingTime": 924.4999999999995,
  "cumulativeLayoutShift": 0.02635655381944444,
  "timeToInteractive": 7895.612499999999,
  "maxPotentialFirstInputDelay": 496,
  "timeToFirstByte": 31.287000000000003,
  "weight": {
    "summary": "95 requests • 1,599 KiB",
    "total": 1637725,
    "image": 348413,
    "imageCount": 19,
    "script": 1125069,
    "scriptCount": 39,
    "document": 59094,
    "font": 35871,
    "fontCount": 1,
    "stylesheet": 16679,
    "stylesheetCount": 6,
    "thirdParty": 1015513,
    "thirdPartyCount": 43
  },
  "run": {
    "number": 2,
    "total": 3
  },
  "axe": {
    "passes": 2185,
    "violations": 10
  }
}