{
  "url": "https://emcasa.com/imoveis/sp/sao-paulo/vila-mariana/condominio-abitare-chacara-klabin",
  "requestedUrl": "https://emcasa.com/imoveis/sp/sao-paulo/vila-mariana/condominio-abitare-chacara-klabin",
  "timestamp": 1697195667291,
  "ranks": {
    "hundos": 5,
    "performance": 9,
    "accessibility": 11,
    "cumulative": 5
  },
  "lighthouse": {
    "version": "9.4.0",
    "performance": 0.48,
    "accessibility": 1,
    "bestPractices": 0.92,
    "seo": 1,
    "total": 340
  },
  "firstContentfulPaint": 1147.475,
  "firstMeaningfulPaint": 1147.475,
  "speedIndex": 3106.117162482289,
  "largestContentfulPaint": 5016.313,
  "totalBlockingTime": 1609.9999999999995,
  "cumulativeLayoutShift": 0.02635655381944444,
  "timeToInteractive": 8376.273999999998,
  "maxPotentialFirstInputDelay": 677,
  "timeToFirstByte": 41.044,
  "weight": {
    "summary": "82 requests • 1,184 KiB",
    "total": 1212389,
    "image": 195140,
    "imageCount": 12,
    "script": 882883,
    "scriptCount": 35,
    "document": 42983,
    "font": 35872,
    "fontCount": 1,
    "stylesheet": 15301,
    "stylesheetCount": 5,
    "thirdParty": 646944,
    "thirdPartyCount": 36
  },
  "run": {
    "number": 3,
    "total": 3
  },
  "axe": {
    "passes": 891,
    "violations": 10
  }
}