{
  "url": "https://emcasa.com/imoveis/sp/sao-paulo/vila-mariana/condominio-abitare-chacara-klabin",
  "requestedUrl": "https://emcasa.com/imoveis/sp/sao-paulo/vila-mariana/condominio-abitare-chacara-klabin",
  "timestamp": 1719400163978,
  "ranks": {
    "hundos": 9,
    "performance": 10,
    "accessibility": 8,
    "cumulative": 9
  },
  "lighthouse": {
    "version": "9.4.0",
    "performance": 0.47,
    "accessibility": 1,
    "bestPractices": 0.92,
    "seo": 1,
    "total": 339
  },
  "firstContentfulPaint": 2146.4970000000003,
  "firstMeaningfulPaint": 2146.4970000000003,
  "speedIndex": 4318.91542796428,
  "largestContentfulPaint": 6793.697999999997,
  "totalBlockingTime": 873,
  "cumulativeLayoutShift": 0.02635655381944444,
  "timeToInteractive": 7760.453,
  "maxPotentialFirstInputDelay": 514.0000000000005,
  "timeToFirstByte": 32.315,
  "weight": {
    "summary": "95 requests • 1,638 KiB",
    "total": 1677116,
    "image": 361179,
    "imageCount": 19,
    "script": 1150572,
    "scriptCount": 41,
    "document": 61561,
    "font": 35872,
    "fontCount": 1,
    "stylesheet": 16670,
    "stylesheetCount": 6,
    "thirdParty": 1053478,
    "thirdPartyCount": 43
  },
  "run": {
    "number": 2,
    "total": 3
  },
  "axe": {
    "passes": 2205,
    "violations": 10
  }
}