{
  "url": "https://emcasa.com/imoveis/sp/sao-paulo/vila-mariana/condominio-abitare-chacara-klabin",
  "requestedUrl": "https://emcasa.com/imoveis/sp/sao-paulo/vila-mariana/condominio-abitare-chacara-klabin",
  "timestamp": 1704020759082,
  "ranks": {
    "hundos": 3,
    "performance": 4,
    "accessibility": 11,
    "cumulative": 3
  },
  "lighthouse": {
    "version": "9.4.0",
    "performance": 0.79,
    "accessibility": 1,
    "bestPractices": 0.92,
    "seo": 1,
    "total": 371
  },
  "firstContentfulPaint": 1242.6729999999998,
  "firstMeaningfulPaint": 1242.6729999999998,
  "speedIndex": 2871.408082,
  "largestContentfulPaint": 1881.317,
  "totalBlockingTime": 588.0000000000005,
  "cumulativeLayoutShift": 0.02635655381944444,
  "timeToInteractive": 7199.143000000003,
  "maxPotentialFirstInputDelay": 600.0000000000009,
  "timeToFirstByte": 585.391,
  "weight": {
    "summary": "67 requests • 748 KiB",
    "total": 765895,
    "image": 130122,
    "imageCount": 11,
    "script": 511088,
    "scriptCount": 28,
    "document": 29744,
    "font": 35872,
    "fontCount": 1,
    "stylesheet": 17908,
    "stylesheetCount": 7,
    "thirdParty": 230309,
    "thirdPartyCount": 15
  },
  "run": {
    "number": 1,
    "total": 3
  },
  "axe": {
    "passes": 650,
    "violations": 10
  }
}