{
  "url": "https://emcasa.com/imoveis/sp/sao-paulo/vila-mariana/condominio-abitare-chacara-klabin",
  "requestedUrl": "https://emcasa.com/imoveis/sp/sao-paulo/vila-mariana/condominio-abitare-chacara-klabin",
  "timestamp": 1700219339454,
  "ranks": {
    "hundos": 2,
    "performance": 6,
    "accessibility": 11,
    "cumulative": 3
  },
  "lighthouse": {
    "version": "9.4.0",
    "performance": 0.79,
    "accessibility": 1,
    "bestPractices": 0.92,
    "seo": 1,
    "total": 371
  },
  "firstContentfulPaint": 1220.75,
  "firstMeaningfulPaint": 1220.75,
  "speedIndex": 2211.606484000058,
  "largestContentfulPaint": 1921.647,
  "totalBlockingTime": 639.5735000000004,
  "cumulativeLayoutShift": 0.02635655381944444,
  "timeToInteractive": 6757.041999999998,
  "maxPotentialFirstInputDelay": 399,
  "timeToFirstByte": 67.46000000000001,
  "weight": {
    "summary": "60 requests • 717 KiB",
    "total": 734473,
    "image": 126610,
    "imageCount": 8,
    "script": 486131,
    "scriptCount": 26,
    "document": 29910,
    "font": 35873,
    "fontCount": 1,
    "stylesheet": 16473,
    "stylesheetCount": 6,
    "thirdParty": 230494,
    "thirdPartyCount": 15
  },
  "run": {
    "number": 2,
    "total": 3
  },
  "axe": {
    "passes": 665,
    "violations": 10
  }
}