{
  "url": "https://emcasa.com/imoveis/sp/sao-paulo/vila-mariana/condominio-abitare-chacara-klabin",
  "requestedUrl": "https://emcasa.com/imoveis/sp/sao-paulo/vila-mariana/condominio-abitare-chacara-klabin",
  "timestamp": 1709464274524,
  "ranks": {
    "hundos": 5,
    "performance": 5,
    "accessibility": 9,
    "cumulative": 5
  },
  "lighthouse": {
    "version": "9.4.0",
    "performance": 0.72,
    "accessibility": 1,
    "bestPractices": 0.83,
    "seo": 1,
    "total": 355
  },
  "firstContentfulPaint": 1213.632,
  "firstMeaningfulPaint": 1213.632,
  "speedIndex": 4035.977588397878,
  "largestContentfulPaint": 2544.8540000000003,
  "totalBlockingTime": 710.0000000000005,
  "cumulativeLayoutShift": 0.02635655381944444,
  "timeToInteractive": 7546.565499999998,
  "maxPotentialFirstInputDelay": 448,
  "timeToFirstByte": 27.776999999999997,
  "weight": {
    "summary": "102 requests • 1,545 KiB",
    "total": 1581900,
    "image": 337223,
    "imageCount": 22,
    "script": 1097831,
    "scriptCount": 42,
    "document": 47268,
    "font": 35872,
    "fontCount": 1,
    "stylesheet": 16680,
    "stylesheetCount": 6,
    "thirdParty": 976977,
    "thirdPartyCount": 49
  },
  "run": {
    "number": 3,
    "total": 3
  },
  "axe": {
    "passes": 2216,
    "violations": 10
  }
}