{
  "url": "https://emcasa.com/imoveis/sp/sao-paulo/vila-mariana/condominio-abitare-chacara-klabin",
  "requestedUrl": "https://emcasa.com/imoveis/sp/sao-paulo/vila-mariana/condominio-abitare-chacara-klabin",
  "timestamp": 1701429093701,
  "ranks": {
    "hundos": 2,
    "performance": 4,
    "accessibility": 11,
    "cumulative": 2
  },
  "lighthouse": {
    "version": "9.4.0",
    "performance": 0.83,
    "accessibility": 1,
    "bestPractices": 0.92,
    "seo": 1,
    "total": 375
  },
  "firstContentfulPaint": 1096.071,
  "firstMeaningfulPaint": 1096.071,
  "speedIndex": 3105.1398809350503,
  "largestContentfulPaint": 1904.46,
  "totalBlockingTime": 463.0000000000009,
  "cumulativeLayoutShift": 0.02635655381944444,
  "timeToInteractive": 6724.075000000001,
  "maxPotentialFirstInputDelay": 361.0000000000009,
  "timeToFirstByte": 43.978,
  "weight": {
    "summary": "68 requests • 736 KiB",
    "total": 753601,
    "image": 131629,
    "imageCount": 11,
    "script": 498759,
    "scriptCount": 29,
    "document": 29660,
    "font": 35872,
    "fontCount": 1,
    "stylesheet": 17579,
    "stylesheetCount": 7,
    "thirdParty": 231745,
    "thirdPartyCount": 16
  },
  "run": {
    "number": 3,
    "total": 3
  },
  "axe": {
    "passes": 649,
    "violations": 10
  }
}