{
  "url": "https://emcasa.com/imoveis/sp/sao-paulo/vila-mariana/condominio-abitare-chacara-klabin",
  "requestedUrl": "https://emcasa.com/imoveis/sp/sao-paulo/vila-mariana/condominio-abitare-chacara-klabin",
  "timestamp": 1721732836179,
  "ranks": {
    "hundos": 6,
    "performance": 11,
    "accessibility": 7,
    "cumulative": 6
  },
  "lighthouse": {
    "version": "9.4.0",
    "performance": 0.43,
    "accessibility": 1,
    "bestPractices": 0.92,
    "seo": 1,
    "total": 335
  },
  "firstContentfulPaint": 1329.97,
  "firstMeaningfulPaint": 1329.97,
  "speedIndex": 6140.571999639165,
  "largestContentfulPaint": 7099.361000000003,
  "totalBlockingTime": 909.9999999999991,
  "cumulativeLayoutShift": 0.02635655381944444,
  "timeToInteractive": 9147.410000000003,
  "maxPotentialFirstInputDelay": 521.9999999999982,
  "timeToFirstByte": 845.993,
  "weight": {
    "summary": "89 requests • 1,567 KiB",
    "total": 1604493,
    "image": 364667,
    "imageCount": 19,
    "script": 1076651,
    "scriptCount": 36,
    "document": 61284,
    "font": 35873,
    "fontCount": 1,
    "stylesheet": 16759,
    "stylesheetCount": 6,
    "thirdParty": 982485,
    "thirdPartyCount": 40
  },
  "run": {
    "number": 1,
    "total": 3
  },
  "axe": {
    "passes": 2233,
    "violations": 10
  }
}