{
  "url": "https://emcasa.com/imoveis/sp/sao-paulo/vila-mariana/condominio-abitare-chacara-klabin",
  "requestedUrl": "https://emcasa.com/imoveis/sp/sao-paulo/vila-mariana/condominio-abitare-chacara-klabin",
  "timestamp": 1708859161029,
  "ranks": {
    "hundos": 10,
    "performance": 10,
    "accessibility": 9,
    "cumulative": 10
  },
  "lighthouse": {
    "version": "9.4.0",
    "performance": 0.48,
    "accessibility": 1,
    "bestPractices": 1,
    "seo": 1,
    "total": 348
  },
  "firstContentfulPaint": 1442.0210000000002,
  "firstMeaningfulPaint": 1442.0210000000002,
  "speedIndex": 5960.890563703512,
  "largestContentfulPaint": 5422.304999999999,
  "totalBlockingTime": 924.4999999999995,
  "cumulativeLayoutShift": 0.02635655381944444,
  "timeToInteractive": 7661.368999999997,
  "maxPotentialFirstInputDelay": 471,
  "timeToFirstByte": 1390.23,
  "weight": {
    "summary": "91 requests • 1,189 KiB",
    "total": 1217048,
    "image": 340490,
    "imageCount": 19,
    "script": 729242,
    "scriptCount": 39,
    "document": 46767,
    "font": 35872,
    "fontCount": 1,
    "stylesheet": 16692,
    "stylesheetCount": 6,
    "thirdParty": 610361,
    "thirdPartyCount": 38
  },
  "run": {
    "number": 1,
    "total": 3
  },
  "axe": {
    "passes": 2216,
    "violations": 10
  }
}