{
  "url": "https://emcasa.com/imoveis/sp/sao-paulo/vila-mariana/condominio-abitare-chacara-klabin",
  "requestedUrl": "https://emcasa.com/imoveis/sp/sao-paulo/vila-mariana/condominio-abitare-chacara-klabin",
  "timestamp": 1717758782466,
  "ranks": {
    "hundos": 9,
    "performance": 10,
    "accessibility": 9,
    "cumulative": 9
  },
  "lighthouse": {
    "version": "9.4.0",
    "performance": 0.45,
    "accessibility": 1,
    "bestPractices": 0.92,
    "seo": 1,
    "total": 337
  },
  "firstContentfulPaint": 1288.597,
  "firstMeaningfulPaint": 1295.8715,
  "speedIndex": 4906.932339235242,
  "largestContentfulPaint": 6478.303500000001,
  "totalBlockingTime": 1031,
  "cumulativeLayoutShift": 0.02635655381944444,
  "timeToInteractive": 8551.1665,
  "maxPotentialFirstInputDelay": 476,
  "timeToFirstByte": 63.03099999999999,
  "weight": {
    "summary": "89 requests • 1,133 KiB",
    "total": 1160306,
    "image": 347436,
    "imageCount": 19,
    "script": 648837,
    "scriptCount": 38,
    "document": 59965,
    "font": 35871,
    "fontCount": 1,
    "stylesheet": 16721,
    "stylesheetCount": 6,
    "thirdParty": 537430,
    "thirdPartyCount": 37
  },
  "run": {
    "number": 3,
    "total": 3
  },
  "axe": {
    "passes": 2201,
    "violations": 10
  }
}