{
  "url": "https://emcasa.com/imoveis/sp/sao-paulo/vila-mariana/condominio-abitare-chacara-klabin",
  "requestedUrl": "https://emcasa.com/imoveis/sp/sao-paulo/vila-mariana/condominio-abitare-chacara-klabin",
  "timestamp": 1709982717852,
  "ranks": {
    "hundos": 6,
    "performance": 4,
    "accessibility": 9,
    "cumulative": 6
  },
  "lighthouse": {
    "version": "9.4.0",
    "performance": 0.65,
    "accessibility": 1,
    "bestPractices": 0.83,
    "seo": 1,
    "total": 348
  },
  "firstContentfulPaint": 1277.7579999999998,
  "firstMeaningfulPaint": 1277.7579999999998,
  "speedIndex": 4278.791714871431,
  "largestContentfulPaint": 3205.294,
  "totalBlockingTime": 837.0000000000009,
  "cumulativeLayoutShift": 0.02635655381944444,
  "timeToInteractive": 7882.638000000001,
  "maxPotentialFirstInputDelay": 508.0000000000023,
  "timeToFirstByte": 34.025000000000006,
  "weight": {
    "summary": "104 requests • 1,556 KiB",
    "total": 1592853,
    "image": 335913,
    "imageCount": 23,
    "script": 1109392,
    "scriptCount": 43,
    "document": 47970,
    "font": 35872,
    "fontCount": 1,
    "stylesheet": 16672,
    "stylesheetCount": 6,
    "thirdParty": 987070,
    "thirdPartyCount": 51
  },
  "run": {
    "number": 3,
    "total": 3
  },
  "axe": {
    "passes": 2207,
    "violations": 10
  }
}