{
  "url": "https://emcasa.com/imoveis/sp/sao-paulo/vila-mariana/condominio-abitare-chacara-klabin",
  "requestedUrl": "https://emcasa.com/imoveis/sp/sao-paulo/vila-mariana/condominio-abitare-chacara-klabin",
  "timestamp": 1699182744415,
  "ranks": {
    "hundos": 2,
    "performance": 4,
    "accessibility": 9,
    "cumulative": 2
  },
  "lighthouse": {
    "version": "9.4.0",
    "performance": 0.73,
    "accessibility": 1,
    "bestPractices": 0.92,
    "seo": 1,
    "total": 365
  },
  "firstContentfulPaint": 1231.3029999999999,
  "firstMeaningfulPaint": 1231.3029999999999,
  "speedIndex": 3722.5187953324785,
  "largestContentfulPaint": 1931.7289999999998,
  "totalBlockingTime": 569.5,
  "cumulativeLayoutShift": 0.2134747034708659,
  "timeToInteractive": 6739.303,
  "maxPotentialFirstInputDelay": 333,
  "timeToFirstByte": 50.452,
  "weight": {
    "summary": "50 requests • 681 KiB",
    "total": 697399,
    "image": 128134,
    "imageCount": 8,
    "script": 485591,
    "scriptCount": 23,
    "document": 29941,
    "font": 35872,
    "fontCount": 1,
    "stylesheet": 16470,
    "stylesheetCount": 6,
    "thirdParty": 231561,
    "thirdPartyCount": 15
  },
  "run": {
    "number": 3,
    "total": 3
  },
  "axe": {
    "passes": 683,
    "violations": 9
  }
}