{
  "url": "https://emcasa.com/imoveis/sp/sao-paulo/vila-mariana/condominio-abitare-chacara-klabin",
  "requestedUrl": "https://emcasa.com/imoveis/sp/sao-paulo/vila-mariana/condominio-abitare-chacara-klabin",
  "timestamp": 1702897751767,
  "ranks": {
    "hundos": 1,
    "performance": 3,
    "accessibility": 11,
    "cumulative": 3
  },
  "lighthouse": {
    "version": "9.4.0",
    "performance": 0.8,
    "accessibility": 1,
    "bestPractices": 0.92,
    "seo": 1,
    "total": 372
  },
  "firstContentfulPaint": 1080.788,
  "firstMeaningfulPaint": 1080.788,
  "speedIndex": 3177.6173361424485,
  "largestContentfulPaint": 2014.632,
  "totalBlockingTime": 517,
  "cumulativeLayoutShift": 0.02635655381944444,
  "timeToInteractive": 6998.9625000000015,
  "maxPotentialFirstInputDelay": 486,
  "timeToFirstByte": 36.219,
  "weight": {
    "summary": "67 requests • 746 KiB",
    "total": 763773,
    "image": 130105,
    "imageCount": 11,
    "script": 509972,
    "scriptCount": 28,
    "document": 29679,
    "font": 35872,
    "fontCount": 1,
    "stylesheet": 17583,
    "stylesheetCount": 7,
    "thirdParty": 230270,
    "thirdPartyCount": 15
  },
  "run": {
    "number": 2,
    "total": 3
  },
  "axe": {
    "passes": 649,
    "violations": 10
  }
}