{
  "url": "https://emcasa.com/imoveis/sp/sao-paulo/vila-mariana/condominio-abitare-chacara-klabin",
  "requestedUrl": "https://emcasa.com/imoveis/sp/sao-paulo/vila-mariana/condominio-abitare-chacara-klabin",
  "timestamp": 1724238559557,
  "ranks": {
    "hundos": 11,
    "performance": 12,
    "accessibility": 8,
    "cumulative": 11
  },
  "lighthouse": {
    "version": "9.4.0",
    "performance": 0.48,
    "accessibility": 1,
    "bestPractices": 0.92,
    "seo": 1,
    "total": 340
  },
  "firstContentfulPaint": 1271.74,
  "firstMeaningfulPaint": 1271.74,
  "speedIndex": 4611.281294689257,
  "largestContentfulPaint": 5757.736,
  "totalBlockingTime": 928.5,
  "cumulativeLayoutShift": 0.02635655381944444,
  "timeToInteractive": 8709.31,
  "maxPotentialFirstInputDelay": 623,
  "timeToFirstByte": 44.28399999999999,
  "weight": {
    "summary": "89 requests • 1,550 KiB",
    "total": 1587404,
    "image": 354766,
    "imageCount": 19,
    "script": 1070597,
    "scriptCount": 38,
    "document": 60463,
    "font": 35872,
    "fontCount": 1,
    "stylesheet": 16743,
    "stylesheetCount": 6,
    "thirdParty": 966422,
    "thirdPartyCount": 40
  },
  "run": {
    "number": 2,
    "total": 3
  },
  "axe": {
    "passes": 2229,
    "violations": 10
  }
}