{
  "url": "https://emcasa.com/imoveis/sp/sao-paulo/vila-mariana/condominio-abitare-chacara-klabin",
  "requestedUrl": "https://emcasa.com/imoveis/sp/sao-paulo/vila-mariana/condominio-abitare-chacara-klabin",
  "timestamp": 1700564965468,
  "ranks": {
    "hundos": 2,
    "performance": 3,
    "accessibility": 11,
    "cumulative": 2
  },
  "lighthouse": {
    "version": "9.4.0",
    "performance": 0.81,
    "accessibility": 1,
    "bestPractices": 0.92,
    "seo": 1,
    "total": 373
  },
  "firstContentfulPaint": 1282.5410000000002,
  "firstMeaningfulPaint": 1282.5410000000002,
  "speedIndex": 1806.4994019999835,
  "largestContentfulPaint": 1831.531,
  "totalBlockingTime": 519,
  "cumulativeLayoutShift": 0.02635655381944444,
  "timeToInteractive": 6938.766,
  "maxPotentialFirstInputDelay": 478,
  "timeToFirstByte": 69.405,
  "weight": {
    "summary": "76 requests • 945 KiB",
    "total": 967528,
    "image": 128354,
    "imageCount": 10,
    "script": 716726,
    "scriptCount": 36,
    "document": 30860,
    "font": 35873,
    "fontCount": 1,
    "stylesheet": 16508,
    "stylesheetCount": 6,
    "thirdParty": 463353,
    "thirdPartyCount": 31
  },
  "run": {
    "number": 2,
    "total": 3
  },
  "axe": {
    "passes": 665,
    "violations": 10
  }
}