{
  "url": "https://emcasa.com/imoveis/sp/sao-paulo/vila-mariana/condominio-abitare-chacara-klabin",
  "requestedUrl": "https://emcasa.com/imoveis/sp/sao-paulo/vila-mariana/condominio-abitare-chacara-klabin",
  "timestamp": 1713006528816,
  "ranks": {
    "hundos": 9,
    "performance": 9,
    "accessibility": 9,
    "cumulative": 9
  },
  "lighthouse": {
    "version": "9.4.0",
    "performance": 0.64,
    "accessibility": 1,
    "bestPractices": 0.83,
    "seo": 1,
    "total": 347
  },
  "firstContentfulPaint": 1273.8259999999998,
  "firstMeaningfulPaint": 1273.8259999999998,
  "speedIndex": 4059.308882568138,
  "largestContentfulPaint": 3277.606499999999,
  "totalBlockingTime": 883.9999999999993,
  "cumulativeLayoutShift": 0.02635655381944444,
  "timeToInteractive": 7839.546000000001,
  "maxPotentialFirstInputDelay": 517,
  "timeToFirstByte": 31.903000000000002,
  "weight": {
    "summary": "97 requests • 1,552 KiB",
    "total": 1589350,
    "image": 327054,
    "imageCount": 19,
    "script": 1115746,
    "scriptCount": 42,
    "document": 46528,
    "font": 35872,
    "fontCount": 1,
    "stylesheet": 16678,
    "stylesheetCount": 6,
    "thirdParty": 985200,
    "thirdPartyCount": 45
  },
  "run": {
    "number": 2,
    "total": 3
  },
  "axe": {
    "passes": 2193,
    "violations": 10
  }
}