{
  "url": "https://emcasa.com/imoveis/sp/sao-paulo/vila-mariana/condominio-abitare-chacara-klabin",
  "requestedUrl": "https://emcasa.com/imoveis/sp/sao-paulo/vila-mariana/condominio-abitare-chacara-klabin",
  "timestamp": 1703156771359,
  "ranks": {
    "hundos": 2,
    "performance": 4,
    "accessibility": 11,
    "cumulative": 2
  },
  "lighthouse": {
    "version": "9.4.0",
    "performance": 0.79,
    "accessibility": 1,
    "bestPractices": 0.92,
    "seo": 1,
    "total": 371
  },
  "firstContentfulPaint": 1257.5220000000002,
  "firstMeaningfulPaint": 1257.5220000000002,
  "speedIndex": 3813.8313610562855,
  "largestContentfulPaint": 1875.4240000000002,
  "totalBlockingTime": 559,
  "cumulativeLayoutShift": 0.02635655381944444,
  "timeToInteractive": 6925.408999999998,
  "maxPotentialFirstInputDelay": 512,
  "timeToFirstByte": 394.855,
  "weight": {
    "summary": "67 requests • 749 KiB",
    "total": 767209,
    "image": 131609,
    "imageCount": 11,
    "script": 510997,
    "scriptCount": 28,
    "document": 29694,
    "font": 35872,
    "fontCount": 1,
    "stylesheet": 17904,
    "stylesheetCount": 7,
    "thirdParty": 231793,
    "thirdPartyCount": 15
  },
  "run": {
    "number": 1,
    "total": 3
  },
  "axe": {
    "passes": 650,
    "violations": 10
  }
}