{
  "url": "https://emcasa.com/imoveis/sp/sao-paulo/vila-mariana/condominio-abitare-chacara-klabin",
  "requestedUrl": "https://emcasa.com/imoveis/sp/sao-paulo/vila-mariana/condominio-abitare-chacara-klabin",
  "timestamp": 1695381020253,
  "ranks": {
    "hundos": 1,
    "performance": 2,
    "accessibility": 11,
    "cumulative": 1
  },
  "lighthouse": {
    "version": "9.4.0",
    "performance": 0.72,
    "accessibility": 1,
    "bestPractices": 1,
    "seo": 1,
    "total": 372
  },
  "firstContentfulPaint": 1297.0859999999998,
  "firstMeaningfulPaint": 1297.0859999999998,
  "speedIndex": 2868.1553322356363,
  "largestContentfulPaint": 2766.7349999999997,
  "totalBlockingTime": 779,
  "cumulativeLayoutShift": 0.0037435544331868493,
  "timeToInteractive": 7191.294,
  "maxPotentialFirstInputDelay": 640,
  "timeToFirstByte": 554.5269999999999,
  "weight": {
    "summary": "62 requests • 786 KiB",
    "total": 804917,
    "image": 194770,
    "imageCount": 10,
    "script": 474840,
    "scriptCount": 25,
    "document": 43057,
    "font": 35872,
    "fontCount": 1,
    "stylesheet": 14986,
    "stylesheetCount": 5,
    "thirdParty": 244337,
    "thirdPartyCount": 16
  },
  "run": {
    "number": 2,
    "total": 3
  },
  "axe": {
    "passes": 893,
    "violations": 10
  }
}