{
  "url": "https://emcasa.com/imoveis/sp/sao-paulo/vila-mariana/condominio-abitare-chacara-klabin",
  "requestedUrl": "https://emcasa.com/imoveis/sp/sao-paulo/vila-mariana/condominio-abitare-chacara-klabin",
  "timestamp": 1705489738266,
  "ranks": {
    "hundos": 12,
    "performance": 12,
    "accessibility": 9,
    "cumulative": 12
  },
  "lighthouse": {
    "version": "9.4.0",
    "performance": 0.36,
    "accessibility": 1,
    "bestPractices": 0.83,
    "seo": 1,
    "total": 319
  },
  "firstContentfulPaint": 1213.4959999999999,
  "firstMeaningfulPaint": 1213.4959999999999,
  "speedIndex": 5758.984256498903,
  "largestContentfulPaint": 6937.482000000002,
  "totalBlockingTime": 1627.0000000000018,
  "cumulativeLayoutShift": 0.02635655381944444,
  "timeToInteractive": 15044.498000000005,
  "maxPotentialFirstInputDelay": 619.0000000000009,
  "timeToFirstByte": 29.939,
  "weight": {
    "summary": "184 requests • 1,622 KiB",
    "total": 1661172,
    "image": 346853,
    "imageCount": 57,
    "script": 1137511,
    "scriptCount": 48,
    "document": 55840,
    "font": 35872,
    "fontCount": 1,
    "stylesheet": 16784,
    "stylesheetCount": 6,
    "thirdParty": 1059537,
    "thirdPartyCount": 133
  },
  "run": {
    "number": 2,
    "total": 3
  },
  "axe": {
    "passes": 2205,
    "violations": 10
  }
}