{
  "url": "https://emcasa.com/imoveis/sp/sao-paulo/vila-mariana/condominio-abitare-chacara-klabin",
  "requestedUrl": "https://emcasa.com/imoveis/sp/sao-paulo/vila-mariana/condominio-abitare-chacara-klabin",
  "timestamp": 1722424006779,
  "ranks": {
    "hundos": 8,
    "performance": 9,
    "accessibility": 8,
    "cumulative": 8
  },
  "lighthouse": {
    "version": "9.4.0",
    "performance": 0.48,
    "accessibility": 1,
    "bestPractices": 0.92,
    "seo": 1,
    "total": 340
  },
  "firstContentfulPaint": 1266.158,
  "firstMeaningfulPaint": 1266.158,
  "speedIndex": 5386.031181093498,
  "largestContentfulPaint": 5568.187,
  "totalBlockingTime": 940,
  "cumulativeLayoutShift": 0.02635655381944444,
  "timeToInteractive": 8016.636,
  "maxPotentialFirstInputDelay": 603,
  "timeToFirstByte": 763.622,
  "weight": {
    "summary": "91 requests • 1,607 KiB",
    "total": 1646010,
    "image": 360496,
    "imageCount": 19,
    "script": 1122220,
    "scriptCount": 39,
    "document": 61412,
    "font": 35871,
    "fontCount": 1,
    "stylesheet": 16765,
    "stylesheetCount": 6,
    "thirdParty": 1024529,
    "thirdPartyCount": 42
  },
  "run": {
    "number": 1,
    "total": 3
  },
  "axe": {
    "passes": 2233,
    "violations": 10
  }
}