{
  "url": "https://emcasa.com/imoveis/sp/sao-paulo/vila-mariana/condominio-abitare-chacara-klabin",
  "requestedUrl": "https://emcasa.com/imoveis/sp/sao-paulo/vila-mariana/condominio-abitare-chacara-klabin",
  "timestamp": 1722078738716,
  "ranks": {
    "hundos": 6,
    "performance": 6,
    "accessibility": 8,
    "cumulative": 6
  },
  "lighthouse": {
    "version": "9.4.0",
    "performance": 0.68,
    "accessibility": 1,
    "bestPractices": 0.92,
    "seo": 1,
    "total": 360
  },
  "firstContentfulPaint": 1253.7559999999999,
  "firstMeaningfulPaint": 1253.7559999999999,
  "speedIndex": 3823.569768808233,
  "largestContentfulPaint": 2540.0739999999996,
  "totalBlockingTime": 939.9504999999976,
  "cumulativeLayoutShift": 0.02635655381944444,
  "timeToInteractive": 8770.2905,
  "maxPotentialFirstInputDelay": 613.9999999999991,
  "timeToFirstByte": 32.14,
  "weight": {
    "summary": "91 requests • 1,608 KiB",
    "total": 1647074,
    "image": 364643,
    "imageCount": 19,
    "script": 1119624,
    "scriptCount": 39,
    "document": 60934,
    "font": 35872,
    "fontCount": 1,
    "stylesheet": 16743,
    "stylesheetCount": 6,
    "thirdParty": 1025562,
    "thirdPartyCount": 42
  },
  "run": {
    "number": 3,
    "total": 3
  },
  "axe": {
    "passes": 2233,
    "violations": 10
  }
}