{
  "url": "https://emcasa.com/imoveis/sp/sao-paulo/vila-mariana/condominio-abitare-chacara-klabin",
  "requestedUrl": "https://emcasa.com/imoveis/sp/sao-paulo/vila-mariana/condominio-abitare-chacara-klabin",
  "timestamp": 1716635355567,
  "ranks": {
    "hundos": 8,
    "performance": 10,
    "accessibility": 9,
    "cumulative": 8
  },
  "lighthouse": {
    "version": "9.4.0",
    "performance": 0.49,
    "accessibility": 1,
    "bestPractices": 1,
    "seo": 1,
    "total": 349
  },
  "firstContentfulPaint": 1285.0369999999998,
  "firstMeaningfulPaint": 1322.0369999999998,
  "speedIndex": 4357.9236926039775,
  "largestContentfulPaint": 6138.808999999999,
  "totalBlockingTime": 908.4999999999991,
  "cumulativeLayoutShift": 0.02635655381944444,
  "timeToInteractive": 8189.601499999998,
  "maxPotentialFirstInputDelay": 453.99999999999955,
  "timeToFirstByte": 46.903999999999996,
  "weight": {
    "summary": "78 requests • 1,123 KiB",
    "total": 1149557,
    "image": 344218,
    "imageCount": 19,
    "script": 641975,
    "scriptCount": 28,
    "document": 58538,
    "font": 35872,
    "fontCount": 1,
    "stylesheet": 16693,
    "stylesheetCount": 6,
    "thirdParty": 527220,
    "thirdPartyCount": 26
  },
  "run": {
    "number": 2,
    "total": 3
  },
  "axe": {
    "passes": 2185,
    "violations": 10
  }
}