{
  "url": "https://emcasa.com/imoveis/sp/sao-paulo/vila-mariana/condominio-abitare-chacara-klabin",
  "requestedUrl": "https://emcasa.com/imoveis/sp/sao-paulo/vila-mariana/condominio-abitare-chacara-klabin",
  "timestamp": 1703329726653,
  "ranks": {
    "hundos": 2,
    "performance": 4,
    "accessibility": 11,
    "cumulative": 3
  },
  "lighthouse": {
    "version": "9.4.0",
    "performance": 0.8,
    "accessibility": 1,
    "bestPractices": 0.92,
    "seo": 1,
    "total": 372
  },
  "firstContentfulPaint": 1212.338,
  "firstMeaningfulPaint": 1212.338,
  "speedIndex": 2102.63200800004,
  "largestContentfulPaint": 1841.3629999999998,
  "totalBlockingTime": 557.5,
  "cumulativeLayoutShift": 0.02635655381944444,
  "timeToInteractive": 7035.053,
  "maxPotentialFirstInputDelay": 497,
  "timeToFirstByte": 31.066000000000003,
  "weight": {
    "summary": "67 requests • 748 KiB",
    "total": 765861,
    "image": 130111,
    "imageCount": 11,
    "script": 510851,
    "scriptCount": 28,
    "document": 29714,
    "font": 35872,
    "fontCount": 1,
    "stylesheet": 17856,
    "stylesheetCount": 7,
    "thirdParty": 230587,
    "thirdPartyCount": 15
  },
  "run": {
    "number": 2,
    "total": 3
  },
  "axe": {
    "passes": 650,
    "violations": 10
  }
}