{
  "url": "https://emcasa.com/imoveis/sp/sao-paulo/vila-mariana/condominio-abitare-chacara-klabin",
  "requestedUrl": "https://emcasa.com/imoveis/sp/sao-paulo/vila-mariana/condominio-abitare-chacara-klabin",
  "timestamp": 1722596794058,
  "ranks": {
    "hundos": 4,
    "performance": 6,
    "accessibility": 8,
    "cumulative": 5
  },
  "lighthouse": {
    "version": "9.4.0",
    "performance": 0.67,
    "accessibility": 1,
    "bestPractices": 0.92,
    "seo": 1,
    "total": 359
  },
  "firstContentfulPaint": 1250.638,
  "firstMeaningfulPaint": 1250.638,
  "speedIndex": 3982.3124113049316,
  "largestContentfulPaint": 2943.87,
  "totalBlockingTime": 876.9999999999995,
  "cumulativeLayoutShift": 0.02635655381944444,
  "timeToInteractive": 7508.860000000001,
  "maxPotentialFirstInputDelay": 499.00000000000045,
  "timeToFirstByte": 470.365,
  "weight": {
    "summary": "90 requests • 1,489 KiB",
    "total": 1524306,
    "image": 364375,
    "imageCount": 19,
    "script": 997083,
    "scriptCount": 39,
    "document": 60943,
    "font": 35873,
    "fontCount": 1,
    "stylesheet": 16695,
    "stylesheetCount": 6,
    "thirdParty": 902985,
    "thirdPartyCount": 41
  },
  "run": {
    "number": 1,
    "total": 3
  },
  "axe": {
    "passes": 2233,
    "violations": 10
  }
}