{
  "url": "https://emcasa.com/imoveis/sp/sao-paulo/vila-mariana/condominio-abitare-chacara-klabin",
  "requestedUrl": "https://emcasa.com/imoveis/sp/sao-paulo/vila-mariana/condominio-abitare-chacara-klabin",
  "timestamp": 1710155191838,
  "ranks": {
    "hundos": 11,
    "performance": 12,
    "accessibility": 9,
    "cumulative": 11
  },
  "lighthouse": {
    "version": "9.4.0",
    "performance": 0.42,
    "accessibility": 1,
    "bestPractices": 0.92,
    "seo": 1,
    "total": 334
  },
  "firstContentfulPaint": 1216.376,
  "firstMeaningfulPaint": 1216.376,
  "speedIndex": 5186.156082903741,
  "largestContentfulPaint": 5578.5635,
  "totalBlockingTime": 1683.499999999999,
  "cumulativeLayoutShift": 0.02635655381944444,
  "timeToInteractive": 8654.625999999998,
  "maxPotentialFirstInputDelay": 784,
  "timeToFirstByte": 708.323,
  "weight": {
    "summary": "92 requests • 1,415 KiB",
    "total": 1449228,
    "image": 336225,
    "imageCount": 19,
    "script": 966534,
    "scriptCount": 40,
    "document": 46888,
    "font": 35872,
    "fontCount": 1,
    "stylesheet": 16726,
    "stylesheetCount": 6,
    "thirdParty": 843297,
    "thirdPartyCount": 39
  },
  "run": {
    "number": 1,
    "total": 3
  },
  "axe": {
    "passes": 2207,
    "violations": 10
  }
}