{
  "url": "https://emcasa.com/imoveis/sp/sao-paulo/vila-mariana/condominio-abitare-chacara-klabin",
  "requestedUrl": "https://emcasa.com/imoveis/sp/sao-paulo/vila-mariana/condominio-abitare-chacara-klabin",
  "timestamp": 1706094698251,
  "ranks": {
    "hundos": 6,
    "performance": 7,
    "accessibility": 9,
    "cumulative": 6
  },
  "lighthouse": {
    "version": "9.4.0",
    "performance": 0.6,
    "accessibility": 1,
    "bestPractices": 0.92,
    "seo": 1,
    "total": 352
  },
  "firstContentfulPaint": 1420.72,
  "firstMeaningfulPaint": 1420.72,
  "speedIndex": 6114.081995109654,
  "largestContentfulPaint": 3370.448500000001,
  "totalBlockingTime": 800,
  "cumulativeLayoutShift": 0.02635655381944444,
  "timeToInteractive": 8682.58,
  "maxPotentialFirstInputDelay": 465.00000000000045,
  "timeToFirstByte": 94.66400000000002,
  "weight": {
    "summary": "89 requests • 1,165 KiB",
    "total": 1193273,
    "image": 328750,
    "imageCount": 19,
    "script": 721829,
    "scriptCount": 38,
    "document": 46740,
    "font": 35871,
    "fontCount": 1,
    "stylesheet": 16731,
    "stylesheetCount": 6,
    "thirdParty": 591235,
    "thirdPartyCount": 38
  },
  "run": {
    "number": 3,
    "total": 3
  },
  "axe": {
    "passes": 2205,
    "violations": 10
  }
}