{
  "url": "https://emcasa.com/imoveis/sp/sao-paulo/vila-mariana/condominio-abitare-chacara-klabin",
  "requestedUrl": "https://emcasa.com/imoveis/sp/sao-paulo/vila-mariana/condominio-abitare-chacara-klabin",
  "timestamp": 1703416161240,
  "ranks": {
    "hundos": 9,
    "performance": 8,
    "accessibility": 10,
    "cumulative": 9
  },
  "lighthouse": {
    "version": "9.4.0",
    "performance": 0.54,
    "accessibility": 1,
    "bestPractices": 0.83,
    "seo": 1,
    "total": 337
  },
  "firstContentfulPaint": 1285.3020000000001,
  "firstMeaningfulPaint": 1285.3020000000001,
  "speedIndex": 5770.563061005446,
  "largestContentfulPaint": 3514.746,
  "totalBlockingTime": 1054,
  "cumulativeLayoutShift": 0.02635655381944444,
  "timeToInteractive": 13518.196,
  "maxPotentialFirstInputDelay": 419,
  "timeToFirstByte": 61.943000000000005,
  "weight": {
    "summary": "104 requests • 1,375 KiB",
    "total": 1407680,
    "image": 133644,
    "imageCount": 18,
    "script": 1137201,
    "scriptCount": 46,
    "document": 38234,
    "font": 35872,
    "fontCount": 1,
    "stylesheet": 17905,
    "stylesheetCount": 7,
    "thirdParty": 872105,
    "thirdPartyCount": 52
  },
  "run": {
    "number": 2,
    "total": 3
  },
  "axe": {
    "passes": 650,
    "violations": 10
  }
}