{
  "url": "https://emcasa.com/imoveis/sp/sao-paulo/vila-mariana/condominio-abitare-chacara-klabin",
  "requestedUrl": "https://emcasa.com/imoveis/sp/sao-paulo/vila-mariana/condominio-abitare-chacara-klabin",
  "timestamp": 1698318372661,
  "ranks": {
    "hundos": 10,
    "performance": 11,
    "accessibility": 10,
    "cumulative": 9
  },
  "lighthouse": {
    "version": "9.4.0",
    "performance": 0.45,
    "accessibility": 1,
    "bestPractices": 0.92,
    "seo": 1,
    "total": 337
  },
  "firstContentfulPaint": 1331.9160000000002,
  "firstMeaningfulPaint": 1331.9160000000002,
  "speedIndex": 3707.439141893194,
  "largestContentfulPaint": 7303.142499999998,
  "totalBlockingTime": 1100.0000000000005,
  "cumulativeLayoutShift": 0.090986328125,
  "timeToInteractive": 7950.4259999999995,
  "maxPotentialFirstInputDelay": 616.0000000000005,
  "timeToFirstByte": 570.669,
  "weight": {
    "summary": "64 requests • 723 KiB",
    "total": 740071,
    "image": 126623,
    "imageCount": 8,
    "script": 484236,
    "scriptCount": 27,
    "document": 37822,
    "font": 35872,
    "fontCount": 1,
    "stylesheet": 16075,
    "stylesheetCount": 6,
    "thirdParty": 229489,
    "thirdPartyCount": 19
  },
  "run": {
    "number": 1,
    "total": 3
  },
  "axe": {
    "passes": 717,
    "violations": 10
  }
}