{
  "url": "https://emcasa.com/imoveis/sp/sao-paulo/vila-mariana/condominio-abitare-chacara-klabin",
  "requestedUrl": "https://emcasa.com/imoveis/sp/sao-paulo/vila-mariana/condominio-abitare-chacara-klabin",
  "timestamp": 1701688166058,
  "ranks": {
    "hundos": 10,
    "performance": 8,
    "accessibility": 11,
    "cumulative": 10
  },
  "lighthouse": {
    "version": "9.4.0",
    "performance": 0.64,
    "accessibility": 1,
    "bestPractices": 0.83,
    "seo": 1,
    "total": 347
  },
  "firstContentfulPaint": 1086.5629999999999,
  "firstMeaningfulPaint": 1086.5629999999999,
  "speedIndex": 5232.953297446847,
  "largestContentfulPaint": 1867.013,
  "totalBlockingTime": 1106.999999999999,
  "cumulativeLayoutShift": 0.02635655381944444,
  "timeToInteractive": 12969.310999999998,
  "maxPotentialFirstInputDelay": 501.9999999999991,
  "timeToFirstByte": 31.464,
  "weight": {
    "summary": "104 requests • 1,261 KiB",
    "total": 1291195,
    "image": 132120,
    "imageCount": 18,
    "script": 1023899,
    "scriptCount": 45,
    "document": 38036,
    "font": 35872,
    "fontCount": 1,
    "stylesheet": 17587,
    "stylesheetCount": 7,
    "thirdParty": 757600,
    "thirdPartyCount": 52
  },
  "run": {
    "number": 2,
    "total": 3
  },
  "axe": {
    "passes": 649,
    "violations": 10
  }
}