{
  "url": "https://emcasa.com/imoveis/sp/sao-paulo/vila-mariana/condominio-abitare-chacara-klabin",
  "requestedUrl": "https://emcasa.com/imoveis/sp/sao-paulo/vila-mariana/condominio-abitare-chacara-klabin",
  "timestamp": 1711451180845,
  "ranks": {
    "hundos": 7,
    "performance": 9,
    "accessibility": 10,
    "cumulative": 7
  },
  "lighthouse": {
    "version": "9.4.0",
    "performance": 0.68,
    "accessibility": 1,
    "bestPractices": 0.92,
    "seo": 1,
    "total": 360
  },
  "firstContentfulPaint": 1250.1100000000001,
  "firstMeaningfulPaint": 1250.1100000000001,
  "speedIndex": 4625.118191549962,
  "largestContentfulPaint": 2431.299,
  "totalBlockingTime": 898.5000000000009,
  "cumulativeLayoutShift": 0.02635655381944444,
  "timeToInteractive": 8551.215,
  "maxPotentialFirstInputDelay": 609.0000000000018,
  "timeToFirstByte": 712.725,
  "weight": {
    "summary": "92 requests • 1,438 KiB",
    "total": 1472436,
    "image": 322591,
    "imageCount": 19,
    "script": 1003924,
    "scriptCount": 39,
    "document": 45897,
    "font": 35872,
    "fontCount": 1,
    "stylesheet": 16730,
    "stylesheetCount": 6,
    "thirdParty": 868001,
    "thirdPartyCount": 40
  },
  "run": {
    "number": 1,
    "total": 3
  },
  "axe": {
    "passes": 2189,
    "violations": 10
  }
}