{
  "url": "https://emcasa.com/imoveis/sp/sao-paulo/vila-mariana/condominio-abitare-chacara-klabin",
  "requestedUrl": "https://emcasa.com/imoveis/sp/sao-paulo/vila-mariana/condominio-abitare-chacara-klabin",
  "timestamp": 1702292778290,
  "ranks": {
    "hundos": 2,
    "performance": 3,
    "accessibility": 10,
    "cumulative": 2
  },
  "lighthouse": {
    "version": "9.4.0",
    "performance": 0.8,
    "accessibility": 1,
    "bestPractices": 0.92,
    "seo": 1,
    "total": 372
  },
  "firstContentfulPaint": 1078.774,
  "firstMeaningfulPaint": 1078.774,
  "speedIndex": 3794.014971265714,
  "largestContentfulPaint": 1230.7759999999998,
  "totalBlockingTime": 499.5,
  "cumulativeLayoutShift": 0.02635655381944444,
  "timeToInteractive": 7583.853000000001,
  "maxPotentialFirstInputDelay": 501,
  "timeToFirstByte": 643.539,
  "weight": {
    "summary": "69 requests • 850 KiB",
    "total": 870696,
    "image": 130345,
    "imageCount": 11,
    "script": 616375,
    "scriptCount": 29,
    "document": 29740,
    "font": 35872,
    "fontCount": 1,
    "stylesheet": 17581,
    "stylesheetCount": 7,
    "thirdParty": 337137,
    "thirdPartyCount": 17
  },
  "run": {
    "number": 1,
    "total": 3
  },
  "axe": {
    "passes": 649,
    "violations": 10
  }
}