{
  "url": "https://emcasa.com/imoveis/sp/sao-paulo/vila-mariana/condominio-abitare-chacara-klabin",
  "requestedUrl": "https://emcasa.com/imoveis/sp/sao-paulo/vila-mariana/condominio-abitare-chacara-klabin",
  "timestamp": 1697713964174,
  "ranks": {
    "hundos": 8,
    "performance": 9,
    "accessibility": 11,
    "cumulative": 8
  },
  "lighthouse": {
    "version": "9.4.0",
    "performance": 0.49,
    "accessibility": 1,
    "bestPractices": 0.92,
    "seo": 1,
    "total": 341
  },
  "firstContentfulPaint": 1112.7419999999997,
  "firstMeaningfulPaint": 1112.7419999999997,
  "speedIndex": 3769.6679749677196,
  "largestContentfulPaint": 5605.9130000000005,
  "totalBlockingTime": 1110.9999999999995,
  "cumulativeLayoutShift": 0.02635655381944444,
  "timeToInteractive": 7892.809499999999,
  "maxPotentialFirstInputDelay": 431,
  "timeToFirstByte": 40.617999999999995,
  "weight": {
    "summary": "75 requests • 1,086 KiB",
    "total": 1111749,
    "image": 195133,
    "imageCount": 10,
    "script": 784504,
    "scriptCount": 36,
    "document": 41242,
    "font": 35872,
    "fontCount": 1,
    "stylesheet": 15276,
    "stylesheetCount": 5,
    "thirdParty": 546364,
    "thirdPartyCount": 29
  },
  "run": {
    "number": 3,
    "total": 3
  },
  "axe": {
    "passes": 904,
    "violations": 10
  }
}