{
  "url": "https://emcasa.com/imoveis/sp/sao-paulo/vila-mariana/condominio-abitare-chacara-klabin",
  "requestedUrl": "https://emcasa.com/imoveis/sp/sao-paulo/vila-mariana/condominio-abitare-chacara-klabin",
  "timestamp": 1701169573794,
  "ranks": {
    "hundos": 2,
    "performance": 4,
    "accessibility": 11,
    "cumulative": 2
  },
  "lighthouse": {
    "version": "9.4.0",
    "performance": 0.82,
    "accessibility": 1,
    "bestPractices": 0.92,
    "seo": 1,
    "total": 374
  },
  "firstContentfulPaint": 1073.2060000000001,
  "firstMeaningfulPaint": 1073.2060000000001,
  "speedIndex": 2473.579619999983,
  "largestContentfulPaint": 1854.2179999999998,
  "totalBlockingTime": 513,
  "cumulativeLayoutShift": 0.02635655381944444,
  "timeToInteractive": 6863.206,
  "maxPotentialFirstInputDelay": 415,
  "timeToFirstByte": 342.75100000000003,
  "weight": {
    "summary": "65 requests • 722 KiB",
    "total": 739022,
    "image": 130067,
    "imageCount": 11,
    "script": 486621,
    "scriptCount": 27,
    "document": 29642,
    "font": 35872,
    "fontCount": 1,
    "stylesheet": 16490,
    "stylesheetCount": 6,
    "thirdParty": 230501,
    "thirdPartyCount": 15
  },
  "run": {
    "number": 1,
    "total": 3
  },
  "axe": {
    "passes": 649,
    "violations": 10
  }
}