{
  "url": "https://emcasa.com/imoveis/sp/sao-paulo/vila-mariana/condominio-abitare-chacara-klabin",
  "requestedUrl": "https://emcasa.com/imoveis/sp/sao-paulo/vila-mariana/condominio-abitare-chacara-klabin",
  "timestamp": 1720263993334,
  "ranks": {
    "hundos": 10,
    "performance": 9,
    "accessibility": 9,
    "cumulative": 10
  },
  "lighthouse": {
    "version": "9.4.0",
    "performance": 0.63,
    "accessibility": 1,
    "bestPractices": 0.83,
    "seo": 1,
    "total": 346
  },
  "firstContentfulPaint": 1313.2940000000003,
  "firstMeaningfulPaint": 1313.2940000000003,
  "speedIndex": 4375.655489639803,
  "largestContentfulPaint": 2883.946,
  "totalBlockingTime": 1206.0000000000005,
  "cumulativeLayoutShift": 0.02635655381944444,
  "timeToInteractive": 7594.576000000001,
  "maxPotentialFirstInputDelay": 519.0000000000009,
  "timeToFirstByte": 434.53299999999996,
  "weight": {
    "summary": "97 requests • 1,586 KiB",
    "total": 1623904,
    "image": 361261,
    "imageCount": 19,
    "script": 1097333,
    "scriptCount": 41,
    "document": 61478,
    "font": 35872,
    "fontCount": 1,
    "stylesheet": 16686,
    "stylesheetCount": 6,
    "thirdParty": 1000300,
    "thirdPartyCount": 45
  },
  "run": {
    "number": 1,
    "total": 3
  },
  "axe": {
    "passes": 2205,
    "violations": 10
  }
}