{
  "url": "https://emcasa.com/imoveis/sp/sao-paulo/vila-mariana/condominio-abitare-chacara-klabin",
  "requestedUrl": "https://emcasa.com/imoveis/sp/sao-paulo/vila-mariana/condominio-abitare-chacara-klabin",
  "timestamp": 1699441961484,
  "ranks": {
    "hundos": 3,
    "performance": 5,
    "accessibility": 9,
    "cumulative": 3
  },
  "lighthouse": {
    "version": "9.4.0",
    "performance": 0.69,
    "accessibility": 1,
    "bestPractices": 0.92,
    "seo": 1,
    "total": 361
  },
  "firstContentfulPaint": 1226.4669999999999,
  "firstMeaningfulPaint": 1226.4669999999999,
  "speedIndex": 2962.6604836292217,
  "largestContentfulPaint": 1873.4679999999998,
  "totalBlockingTime": 811.5,
  "cumulativeLayoutShift": 0.2134747034708659,
  "timeToInteractive": 6981.949000000002,
  "maxPotentialFirstInputDelay": 619,
  "timeToFirstByte": 34.900000000000006,
  "weight": {
    "summary": "50 requests • 679 KiB",
    "total": 695563,
    "image": 126628,
    "imageCount": 8,
    "script": 485587,
    "scriptCount": 23,
    "document": 29944,
    "font": 35871,
    "fontCount": 1,
    "stylesheet": 16457,
    "stylesheetCount": 6,
    "thirdParty": 229738,
    "thirdPartyCount": 15
  },
  "run": {
    "number": 3,
    "total": 3
  },
  "axe": {
    "passes": 683,
    "violations": 9
  }
}