{
  "url": "https://emcasa.com/imoveis/sp/sao-paulo/vila-mariana/condominio-abitare-chacara-klabin",
  "requestedUrl": "https://emcasa.com/imoveis/sp/sao-paulo/vila-mariana/condominio-abitare-chacara-klabin",
  "timestamp": 1723806569074,
  "ranks": {
    "hundos": 7,
    "performance": 11,
    "accessibility": 7,
    "cumulative": 7
  },
  "lighthouse": {
    "version": "9.4.0",
    "performance": 0.46,
    "accessibility": 1,
    "bestPractices": 0.92,
    "seo": 1,
    "total": 338
  },
  "firstContentfulPaint": 1313.9,
  "firstMeaningfulPaint": 1313.9,
  "speedIndex": 5639.239034636013,
  "largestContentfulPaint": 6788.629000000001,
  "totalBlockingTime": 851,
  "cumulativeLayoutShift": 0.02635655381944444,
  "timeToInteractive": 8517.581000000002,
  "maxPotentialFirstInputDelay": 519,
  "timeToFirstByte": 797.247,
  "weight": {
    "summary": "88 requests • 1,545 KiB",
    "total": 1581988,
    "image": 347390,
    "imageCount": 19,
    "script": 1072378,
    "scriptCount": 36,
    "document": 60429,
    "font": 35872,
    "fontCount": 1,
    "stylesheet": 16757,
    "stylesheetCount": 6,
    "thirdParty": 960895,
    "thirdPartyCount": 39
  },
  "run": {
    "number": 2,
    "total": 3
  },
  "axe": {
    "passes": 2233,
    "violations": 10
  }
}