{
  "url": "https://emcasa.com/imoveis/sp/sao-paulo/vila-mariana/condominio-abitare-chacara-klabin",
  "requestedUrl": "https://emcasa.com/imoveis/sp/sao-paulo/vila-mariana/condominio-abitare-chacara-klabin",
  "timestamp": 1714561720845,
  "ranks": {
    "hundos": 9,
    "performance": 6,
    "accessibility": 9,
    "cumulative": 9
  },
  "lighthouse": {
    "version": "9.4.0",
    "performance": 0.7,
    "accessibility": 1,
    "bestPractices": 0.83,
    "seo": 1,
    "total": 353
  },
  "firstContentfulPaint": 1223.2839999999997,
  "firstMeaningfulPaint": 1223.2839999999997,
  "speedIndex": 3529.603421599273,
  "largestContentfulPaint": 2417.6084999999994,
  "totalBlockingTime": 886.4999999999995,
  "cumulativeLayoutShift": 0.02635655381944444,
  "timeToInteractive": 7961.7505,
  "maxPotentialFirstInputDelay": 603,
  "timeToFirstByte": 56.153,
  "weight": {
    "summary": "94 requests • 1,534 KiB",
    "total": 1570558,
    "image": 344775,
    "imageCount": 19,
    "script": 1062197,
    "scriptCount": 38,
    "document": 59744,
    "font": 35871,
    "fontCount": 1,
    "stylesheet": 16712,
    "stylesheetCount": 6,
    "thirdParty": 948640,
    "thirdPartyCount": 42
  },
  "run": {
    "number": 2,
    "total": 3
  },
  "axe": {
    "passes": 2194,
    "violations": 10
  }
}