{
  "url": "https://emcasa.com/imoveis/sp/sao-paulo/vila-mariana/condominio-abitare-chacara-klabin",
  "requestedUrl": "https://emcasa.com/imoveis/sp/sao-paulo/vila-mariana/condominio-abitare-chacara-klabin",
  "timestamp": 1704971351429,
  "ranks": {
    "hundos": 4,
    "performance": 4,
    "accessibility": 9,
    "cumulative": 4
  },
  "lighthouse": {
    "version": "9.4.0",
    "performance": 0.74,
    "accessibility": 1,
    "bestPractices": 0.92,
    "seo": 1,
    "total": 366
  },
  "firstContentfulPaint": 1250.9869999999999,
  "firstMeaningfulPaint": 1250.9869999999999,
  "speedIndex": 4009.2944213781675,
  "largestContentfulPaint": 2333.8230000000003,
  "totalBlockingTime": 653.4999999999995,
  "cumulativeLayoutShift": 0.02635655381944444,
  "timeToInteractive": 8208.978,
  "maxPotentialFirstInputDelay": 412.99999999999955,
  "timeToFirstByte": 29.218999999999998,
  "weight": {
    "summary": "91 requests • 1,308 KiB",
    "total": 1339638,
    "image": 325066,
    "imageCount": 19,
    "script": 871308,
    "scriptCount": 39,
    "document": 46812,
    "font": 35872,
    "fontCount": 1,
    "stylesheet": 16774,
    "stylesheetCount": 6,
    "thirdParty": 738646,
    "thirdPartyCount": 40
  },
  "run": {
    "number": 2,
    "total": 3
  },
  "axe": {
    "passes": 2207,
    "violations": 10
  }
}