{
  "url": "https://emcasa.com/imoveis/sp/sao-paulo/vila-mariana/condominio-abitare-chacara-klabin",
  "requestedUrl": "https://emcasa.com/imoveis/sp/sao-paulo/vila-mariana/condominio-abitare-chacara-klabin",
  "timestamp": 1701083340276,
  "ranks": {
    "hundos": 2,
    "performance": 3,
    "accessibility": 11,
    "cumulative": 2
  },
  "lighthouse": {
    "version": "9.4.0",
    "performance": 0.81,
    "accessibility": 1,
    "bestPractices": 0.92,
    "seo": 1,
    "total": 373
  },
  "firstContentfulPaint": 1219.6150000000002,
  "firstMeaningfulPaint": 1219.6150000000002,
  "speedIndex": 2144.9581340000423,
  "largestContentfulPaint": 2003.7600000000004,
  "totalBlockingTime": 506,
  "cumulativeLayoutShift": 0.02635655381944444,
  "timeToInteractive": 6945.264,
  "maxPotentialFirstInputDelay": 494,
  "timeToFirstByte": 39.803,
  "weight": {
    "summary": "60 requests • 717 KiB",
    "total": 734372,
    "image": 126618,
    "imageCount": 8,
    "script": 486315,
    "scriptCount": 26,
    "document": 29898,
    "font": 35872,
    "fontCount": 1,
    "stylesheet": 16504,
    "stylesheetCount": 6,
    "thirdParty": 230219,
    "thirdPartyCount": 15
  },
  "run": {
    "number": 2,
    "total": 3
  },
  "axe": {
    "passes": 664,
    "violations": 10
  }
}