{
  "url": "https://emcasa.com/imoveis/sp/sao-paulo/vila-mariana/condominio-abitare-chacara-klabin",
  "requestedUrl": "https://emcasa.com/imoveis/sp/sao-paulo/vila-mariana/condominio-abitare-chacara-klabin",
  "timestamp": 1703848142352,
  "ranks": {
    "hundos": 2,
    "performance": 5,
    "accessibility": 11,
    "cumulative": 2
  },
  "lighthouse": {
    "version": "9.4.0",
    "performance": 0.8,
    "accessibility": 1,
    "bestPractices": 0.92,
    "seo": 1,
    "total": 372
  },
  "firstContentfulPaint": 1243.6359999999997,
  "firstMeaningfulPaint": 1243.6359999999997,
  "speedIndex": 3356.9521442672135,
  "largestContentfulPaint": 1884.917,
  "totalBlockingTime": 539.0000000000005,
  "cumulativeLayoutShift": 0.02635655381944444,
  "timeToInteractive": 6938.333500000001,
  "maxPotentialFirstInputDelay": 496.00000000000045,
  "timeToFirstByte": 40.837,
  "weight": {
    "summary": "67 requests • 748 KiB",
    "total": 765606,
    "image": 130144,
    "imageCount": 11,
    "script": 510883,
    "scriptCount": 28,
    "document": 29693,
    "font": 35872,
    "fontCount": 1,
    "stylesheet": 17849,
    "stylesheetCount": 7,
    "thirdParty": 230309,
    "thirdPartyCount": 15
  },
  "run": {
    "number": 2,
    "total": 3
  },
  "axe": {
    "passes": 650,
    "violations": 10
  }
}