{
  "url": "https://emcasa.com/imoveis/sp/sao-paulo/vila-mariana/condominio-abitare-chacara-klabin",
  "requestedUrl": "https://emcasa.com/imoveis/sp/sao-paulo/vila-mariana/condominio-abitare-chacara-klabin",
  "timestamp": 1715339366869,
  "ranks": {
    "hundos": 7,
    "performance": 9,
    "accessibility": 10,
    "cumulative": 8
  },
  "lighthouse": {
    "version": "9.4.0",
    "performance": 0.55,
    "accessibility": 1,
    "bestPractices": 0.92,
    "seo": 1,
    "total": 347
  },
  "firstContentfulPaint": 1229.1249999999998,
  "firstMeaningfulPaint": 1229.1249999999998,
  "speedIndex": 3901.710805452476,
  "largestContentfulPaint": 5556.0375,
  "totalBlockingTime": 715,
  "cumulativeLayoutShift": 0.02635655381944444,
  "timeToInteractive": 7524.432499999999,
  "maxPotentialFirstInputDelay": 435,
  "timeToFirstByte": 79.806,
  "weight": {
    "summary": "94 requests • 1,603 KiB",
    "total": 1641084,
    "image": 344781,
    "imageCount": 19,
    "script": 1133576,
    "scriptCount": 39,
    "document": 58585,
    "font": 35872,
    "fontCount": 1,
    "stylesheet": 16676,
    "stylesheetCount": 6,
    "thirdParty": 1019724,
    "thirdPartyCount": 42
  },
  "run": {
    "number": 2,
    "total": 3
  },
  "axe": {
    "passes": 2185,
    "violations": 10
  }
}