{
  "url": "https://emcasa.com/imoveis/sp/sao-paulo/vila-mariana/condominio-abitare-chacara-klabin",
  "requestedUrl": "https://emcasa.com/imoveis/sp/sao-paulo/vila-mariana/condominio-abitare-chacara-klabin",
  "timestamp": 1718622383919,
  "ranks": {
    "hundos": 12,
    "performance": 12,
    "accessibility": 8,
    "cumulative": 12
  },
  "lighthouse": {
    "version": "9.4.0",
    "performance": 0.41,
    "accessibility": 1,
    "bestPractices": 0.92,
    "seo": 1,
    "total": 333
  },
  "firstContentfulPaint": 1289.7309999999998,
  "firstMeaningfulPaint": 1289.7309999999998,
  "speedIndex": 5892.60151409776,
  "largestContentfulPaint": 6671.680999999998,
  "totalBlockingTime": 1303.500000000001,
  "cumulativeLayoutShift": 0.02635655381944444,
  "timeToInteractive": 8598.217499999999,
  "maxPotentialFirstInputDelay": 588.0000000000009,
  "timeToFirstByte": 485.32800000000003,
  "weight": {
    "summary": "92 requests • 1,539 KiB",
    "total": 1576350,
    "image": 364452,
    "imageCount": 19,
    "script": 1046866,
    "scriptCount": 40,
    "document": 61197,
    "font": 35872,
    "fontCount": 1,
    "stylesheet": 16694,
    "stylesheetCount": 6,
    "thirdParty": 952343,
    "thirdPartyCount": 40
  },
  "run": {
    "number": 1,
    "total": 3
  },
  "axe": {
    "passes": 2214,
    "violations": 10
  }
}