{
  "url": "https://emcasa.com/imoveis/sp/sao-paulo/vila-mariana/condominio-abitare-chacara-klabin",
  "requestedUrl": "https://emcasa.com/imoveis/sp/sao-paulo/vila-mariana/condominio-abitare-chacara-klabin",
  "timestamp": 1709032174504,
  "ranks": {
    "hundos": 8,
    "performance": 10,
    "accessibility": 9,
    "cumulative": 8
  },
  "lighthouse": {
    "version": "9.4.0",
    "performance": 0.46,
    "accessibility": 1,
    "bestPractices": 0.92,
    "seo": 1,
    "total": 338
  },
  "firstContentfulPaint": 1323.9009999999998,
  "firstMeaningfulPaint": 1323.9009999999998,
  "speedIndex": 5032.376439895572,
  "largestContentfulPaint": 7122.288999999999,
  "totalBlockingTime": 894.5000000000005,
  "cumulativeLayoutShift": 0.02635655381944444,
  "timeToInteractive": 8630.754999999997,
  "maxPotentialFirstInputDelay": 563,
  "timeToFirstByte": 62.45399999999999,
  "weight": {
    "summary": "92 requests • 1,440 KiB",
    "total": 1474547,
    "image": 340514,
    "imageCount": 19,
    "script": 987496,
    "scriptCount": 39,
    "document": 46728,
    "font": 35871,
    "fontCount": 1,
    "stylesheet": 16721,
    "stylesheetCount": 6,
    "thirdParty": 868802,
    "thirdPartyCount": 39
  },
  "run": {
    "number": 2,
    "total": 3
  },
  "axe": {
    "passes": 2216,
    "violations": 10
  }
}