{
  "url": "https://emcasa.com/imoveis/sp/sao-paulo/vila-mariana/condominio-abitare-chacara-klabin",
  "requestedUrl": "https://emcasa.com/imoveis/sp/sao-paulo/vila-mariana/condominio-abitare-chacara-klabin",
  "timestamp": 1716721602995,
  "ranks": {
    "hundos": 8,
    "performance": 9,
    "accessibility": 9,
    "cumulative": 8
  },
  "lighthouse": {
    "version": "9.4.0",
    "performance": 0.44,
    "accessibility": 1,
    "bestPractices": 0.92,
    "seo": 1,
    "total": 336
  },
  "firstContentfulPaint": 1344.451,
  "firstMeaningfulPaint": 1344.451,
  "speedIndex": 6176.476741809086,
  "largestContentfulPaint": 7455.310000000001,
  "totalBlockingTime": 818.940999999998,
  "cumulativeLayoutShift": 0.02635655381944444,
  "timeToInteractive": 8707.515,
  "maxPotentialFirstInputDelay": 526.9999999999982,
  "timeToFirstByte": 760.697,
  "weight": {
    "summary": "89 requests • 1,436 KiB",
    "total": 1470330,
    "image": 344131,
    "imageCount": 19,
    "script": 963257,
    "scriptCount": 38,
    "document": 58535,
    "font": 35872,
    "fontCount": 1,
    "stylesheet": 16731,
    "stylesheetCount": 6,
    "thirdParty": 848796,
    "thirdPartyCount": 37
  },
  "run": {
    "number": 1,
    "total": 3
  },
  "axe": {
    "passes": 2185,
    "violations": 10
  }
}