{
  "url": "https://emcasa.com/imoveis/sp/sao-paulo/vila-mariana/condominio-abitare-chacara-klabin",
  "requestedUrl": "https://emcasa.com/imoveis/sp/sao-paulo/vila-mariana/condominio-abitare-chacara-klabin",
  "timestamp": 1708427169813,
  "ranks": {
    "hundos": 8,
    "performance": 8,
    "accessibility": 9,
    "cumulative": 8
  },
  "lighthouse": {
    "version": "9.4.0",
    "performance": 0.55,
    "accessibility": 1,
    "bestPractices": 1,
    "seo": 1,
    "total": 355
  },
  "firstContentfulPaint": 1354.7379999999998,
  "firstMeaningfulPaint": 1354.7379999999998,
  "speedIndex": 5788.2560499850915,
  "largestContentfulPaint": 3106.9539999999997,
  "totalBlockingTime": 1882.9999999999995,
  "cumulativeLayoutShift": 0.02635655381944444,
  "timeToInteractive": 8613.338000000002,
  "maxPotentialFirstInputDelay": 1110,
  "timeToFirstByte": 572.182,
  "weight": {
    "summary": "91 requests • 1,179 KiB",
    "total": 1207399,
    "image": 331951,
    "imageCount": 19,
    "script": 728601,
    "scriptCount": 39,
    "document": 46318,
    "font": 35872,
    "fontCount": 1,
    "stylesheet": 16682,
    "stylesheetCount": 6,
    "thirdParty": 601267,
    "thirdPartyCount": 38
  },
  "run": {
    "number": 1,
    "total": 3
  },
  "axe": {
    "passes": 2203,
    "violations": 10
  }
}