{
  "url": "https://emcasa.com/imoveis/sp/sao-paulo/vila-mariana/condominio-abitare-chacara-klabin",
  "requestedUrl": "https://emcasa.com/imoveis/sp/sao-paulo/vila-mariana/condominio-abitare-chacara-klabin",
  "timestamp": 1697022665049,
  "ranks": {
    "hundos": 9,
    "performance": 9,
    "accessibility": 11,
    "cumulative": 9
  },
  "lighthouse": {
    "version": "9.4.0",
    "performance": 0.42,
    "accessibility": 1,
    "bestPractices": 0.83,
    "seo": 1,
    "total": 325
  },
  "firstContentfulPaint": 1238.174,
  "firstMeaningfulPaint": 1238.174,
  "speedIndex": 4072.3999019830576,
  "largestContentfulPaint": 5819.046000000001,
  "totalBlockingTime": 2176,
  "cumulativeLayoutShift": 0.02635655381944444,
  "timeToInteractive": 9404.126,
  "maxPotentialFirstInputDelay": 937,
  "timeToFirstByte": 29.033999999999995,
  "weight": {
    "summary": "89 requests • 1,328 KiB",
    "total": 1359566,
    "image": 196368,
    "imageCount": 14,
    "script": 1028798,
    "scriptCount": 39,
    "document": 42902,
    "font": 35872,
    "fontCount": 1,
    "stylesheet": 15295,
    "stylesheetCount": 5,
    "thirdParty": 793843,
    "thirdPartyCount": 43
  },
  "run": {
    "number": 2,
    "total": 3
  },
  "axe": {
    "passes": 891,
    "violations": 10
  }
}