{
  "url": "https://emcasa.com/imoveis/sp/sao-paulo/vila-mariana/condominio-abitare-chacara-klabin",
  "requestedUrl": "https://emcasa.com/imoveis/sp/sao-paulo/vila-mariana/condominio-abitare-chacara-klabin",
  "timestamp": 1700132774560,
  "ranks": {
    "hundos": 2,
    "performance": 1,
    "accessibility": 11,
    "cumulative": 2
  },
  "lighthouse": {
    "version": "9.4.0",
    "performance": 0.81,
    "accessibility": 1,
    "bestPractices": 0.92,
    "seo": 1,
    "total": 373
  },
  "firstContentfulPaint": 1220.545,
  "firstMeaningfulPaint": 1220.545,
  "speedIndex": 2641.730698000014,
  "largestContentfulPaint": 1976.6205,
  "totalBlockingTime": 518.5,
  "cumulativeLayoutShift": 0.02635655381944444,
  "timeToInteractive": 6921.400000000001,
  "maxPotentialFirstInputDelay": 471,
  "timeToFirstByte": 509.05400000000003,
  "weight": {
    "summary": "61 requests • 717 KiB",
    "total": 734664,
    "image": 126838,
    "imageCount": 8,
    "script": 486322,
    "scriptCount": 27,
    "document": 29913,
    "font": 35872,
    "fontCount": 1,
    "stylesheet": 16534,
    "stylesheetCount": 6,
    "thirdParty": 230412,
    "thirdPartyCount": 16
  },
  "run": {
    "number": 1,
    "total": 3
  },
  "axe": {
    "passes": 665,
    "violations": 10
  }
}