{
  "url": "https://emcasa.com/imoveis/sp/sao-paulo/vila-mariana/condominio-abitare-chacara-klabin",
  "requestedUrl": "https://emcasa.com/imoveis/sp/sao-paulo/vila-mariana/condominio-abitare-chacara-klabin",
  "timestamp": 1720782403283,
  "ranks": {
    "hundos": 7,
    "performance": 8,
    "accessibility": 9,
    "cumulative": 7
  },
  "lighthouse": {
    "version": "9.4.0",
    "performance": 0.63,
    "accessibility": 1,
    "bestPractices": 0.92,
    "seo": 1,
    "total": 355
  },
  "firstContentfulPaint": 1279.7939999999999,
  "firstMeaningfulPaint": 1279.7939999999999,
  "speedIndex": 6036.604242316926,
  "largestContentfulPaint": 2976.85,
  "totalBlockingTime": 855.7430000000018,
  "cumulativeLayoutShift": 0.02635655381944444,
  "timeToInteractive": 8531.422999999999,
  "maxPotentialFirstInputDelay": 532,
  "timeToFirstByte": 882.561,
  "weight": {
    "summary": "92 requests • 1,631 KiB",
    "total": 1669909,
    "image": 364524,
    "imageCount": 19,
    "script": 1140456,
    "scriptCount": 38,
    "document": 60827,
    "font": 35872,
    "fontCount": 1,
    "stylesheet": 16731,
    "stylesheetCount": 6,
    "thirdParty": 1046048,
    "thirdPartyCount": 40
  },
  "run": {
    "number": 1,
    "total": 3
  },
  "axe": {
    "passes": 2205,
    "violations": 10
  }
}