{
  "url": "https://emcasa.com/imoveis/sp/sao-paulo/vila-mariana/condominio-abitare-chacara-klabin",
  "requestedUrl": "https://emcasa.com/imoveis/sp/sao-paulo/vila-mariana/condominio-abitare-chacara-klabin",
  "timestamp": 1725707504467,
  "ranks": {
    "hundos": 8,
    "performance": 9,
    "accessibility": 8,
    "cumulative": 8
  },
  "lighthouse": {
    "version": "9.4.0",
    "performance": 0.48,
    "accessibility": 1,
    "bestPractices": 0.92,
    "seo": 1,
    "total": 340
  },
  "firstContentfulPaint": 1263.3400000000001,
  "firstMeaningfulPaint": 1263.3400000000001,
  "speedIndex": 4395.536136444621,
  "largestContentfulPaint": 6632.268000000002,
  "totalBlockingTime": 872.5,
  "cumulativeLayoutShift": 0.02635655381944444,
  "timeToInteractive": 8489.812,
  "maxPotentialFirstInputDelay": 506,
  "timeToFirstByte": 38.747,
  "weight": {
    "summary": "89 requests • 1,544 KiB",
    "total": 1581445,
    "image": 333970,
    "imageCount": 19,
    "script": 1084706,
    "scriptCount": 38,
    "document": 60955,
    "font": 35871,
    "fontCount": 1,
    "stylesheet": 16702,
    "stylesheetCount": 6,
    "thirdParty": 960124,
    "thirdPartyCount": 40
  },
  "run": {
    "number": 3,
    "total": 3
  },
  "axe": {
    "passes": 2233,
    "violations": 10
  }
}