{
  "url": "https://emcasa.com/imoveis/sp/sao-paulo/vila-mariana/condominio-abitare-chacara-klabin",
  "requestedUrl": "https://emcasa.com/imoveis/sp/sao-paulo/vila-mariana/condominio-abitare-chacara-klabin",
  "timestamp": 1711710427064,
  "ranks": {
    "hundos": 9,
    "performance": 10,
    "accessibility": 9,
    "cumulative": 9
  },
  "lighthouse": {
    "version": "9.4.0",
    "performance": 0.61,
    "accessibility": 1,
    "bestPractices": 1,
    "seo": 1,
    "total": 361
  },
  "firstContentfulPaint": 1285.578,
  "firstMeaningfulPaint": 1285.578,
  "speedIndex": 5878.168421806291,
  "largestContentfulPaint": 3161.0529999999994,
  "totalBlockingTime": 948.5000000000005,
  "cumulativeLayoutShift": 0.02635655381944444,
  "timeToInteractive": 8111.0154999999995,
  "maxPotentialFirstInputDelay": 524.0000000000018,
  "timeToFirstByte": 494.15200000000004,
  "weight": {
    "summary": "90 requests • 1,506 KiB",
    "total": 1542042,
    "image": 320600,
    "imageCount": 19,
    "script": 1074037,
    "scriptCount": 38,
    "document": 46683,
    "font": 35871,
    "fontCount": 1,
    "stylesheet": 16725,
    "stylesheetCount": 6,
    "thirdParty": 935885,
    "thirdPartyCount": 38
  },
  "run": {
    "number": 1,
    "total": 3
  },
  "axe": {
    "passes": 2206,
    "violations": 10
  }
}