{
  "url": "https://emcasa.com/imoveis/sp/sao-paulo/vila-mariana/condominio-abitare-chacara-klabin",
  "requestedUrl": "https://emcasa.com/imoveis/sp/sao-paulo/vila-mariana/condominio-abitare-chacara-klabin",
  "timestamp": 1714129741572,
  "ranks": {
    "hundos": 5,
    "performance": 5,
    "accessibility": 9,
    "cumulative": 5
  },
  "lighthouse": {
    "version": "9.4.0",
    "performance": 0.64,
    "accessibility": 1,
    "bestPractices": 1,
    "seo": 1,
    "total": 364
  },
  "firstContentfulPaint": 1348.763,
  "firstMeaningfulPaint": 1348.763,
  "speedIndex": 4463.385294481794,
  "largestContentfulPaint": 3227.5265,
  "totalBlockingTime": 885,
  "cumulativeLayoutShift": 0.02635655381944444,
  "timeToInteractive": 8038.176,
  "maxPotentialFirstInputDelay": 529,
  "timeToFirstByte": 62.788,
  "weight": {
    "summary": "78 requests • 1,094 KiB",
    "total": 1119971,
    "image": 324790,
    "imageCount": 19,
    "script": 635710,
    "scriptCount": 28,
    "document": 58716,
    "font": 35871,
    "fontCount": 1,
    "stylesheet": 16714,
    "stylesheetCount": 6,
    "thirdParty": 501859,
    "thirdPartyCount": 26
  },
  "run": {
    "number": 2,
    "total": 3
  },
  "axe": {
    "passes": 2189,
    "violations": 10
  }
}