{
  "url": "https://emcasa.com/imoveis/sp/sao-paulo/vila-mariana/condominio-abitare-chacara-klabin",
  "requestedUrl": "https://emcasa.com/imoveis/sp/sao-paulo/vila-mariana/condominio-abitare-chacara-klabin",
  "timestamp": 1718795192169,
  "ranks": {
    "hundos": 7,
    "performance": 7,
    "accessibility": 9,
    "cumulative": 7
  },
  "lighthouse": {
    "version": "9.4.0",
    "performance": 0.63,
    "accessibility": 1,
    "bestPractices": 0.92,
    "seo": 1,
    "total": 355
  },
  "firstContentfulPaint": 1284.768,
  "firstMeaningfulPaint": 1284.768,
  "speedIndex": 4848.668058578175,
  "largestContentfulPaint": 2970.7439999999997,
  "totalBlockingTime": 1119.8779999999997,
  "cumulativeLayoutShift": 0.02635655381944444,
  "timeToInteractive": 7619.065999999999,
  "maxPotentialFirstInputDelay": 626,
  "timeToFirstByte": 461.10999999999996,
  "weight": {
    "summary": "97 requests • 1,643 KiB",
    "total": 1682322,
    "image": 364233,
    "imageCount": 19,
    "script": 1152167,
    "scriptCount": 42,
    "document": 62103,
    "font": 35872,
    "fontCount": 1,
    "stylesheet": 16696,
    "stylesheetCount": 6,
    "thirdParty": 1057974,
    "thirdPartyCount": 45
  },
  "run": {
    "number": 1,
    "total": 3
  },
  "axe": {
    "passes": 2214,
    "violations": 10
  }
}