{
  "url": "https://emcasa.com/imoveis/sp/sao-paulo/vila-mariana/condominio-abitare-chacara-klabin",
  "requestedUrl": "https://emcasa.com/imoveis/sp/sao-paulo/vila-mariana/condominio-abitare-chacara-klabin",
  "timestamp": 1716548968064,
  "ranks": {
    "hundos": 8,
    "performance": 8,
    "accessibility": 10,
    "cumulative": 8
  },
  "lighthouse": {
    "version": "9.4.0",
    "performance": 0.65,
    "accessibility": 1,
    "bestPractices": 0.92,
    "seo": 1,
    "total": 357
  },
  "firstContentfulPaint": 1264.198,
  "firstMeaningfulPaint": 1264.198,
  "speedIndex": 4376.807661171559,
  "largestContentfulPaint": 3211.7780000000002,
  "totalBlockingTime": 828.9999999999993,
  "cumulativeLayoutShift": 0.02635655381944444,
  "timeToInteractive": 8479.968,
  "maxPotentialFirstInputDelay": 506,
  "timeToFirstByte": 40.155,
  "weight": {
    "summary": "93 requests • 1,584 KiB",
    "total": 1622400,
    "image": 344233,
    "imageCount": 19,
    "script": 1115277,
    "scriptCount": 41,
    "document": 58771,
    "font": 35870,
    "fontCount": 1,
    "stylesheet": 16670,
    "stylesheetCount": 6,
    "thirdParty": 1000884,
    "thirdPartyCount": 41
  },
  "run": {
    "number": 2,
    "total": 3
  },
  "axe": {
    "passes": 2185,
    "violations": 10
  }
}