{
  "url": "https://emcasa.com/imoveis/sp/sao-paulo/vila-mariana/condominio-abitare-chacara-klabin",
  "requestedUrl": "https://emcasa.com/imoveis/sp/sao-paulo/vila-mariana/condominio-abitare-chacara-klabin",
  "timestamp": 1720696335779,
  "ranks": {
    "hundos": 10,
    "performance": 10,
    "accessibility": 8,
    "cumulative": 10
  },
  "lighthouse": {
    "version": "9.4.0",
    "performance": 0.66,
    "accessibility": 1,
    "bestPractices": 0.92,
    "seo": 1,
    "total": 358
  },
  "firstContentfulPaint": 1273.224,
  "firstMeaningfulPaint": 1273.224,
  "speedIndex": 4620.56775496853,
  "largestContentfulPaint": 2877.8879999999995,
  "totalBlockingTime": 903.5,
  "cumulativeLayoutShift": 0.02635655381944444,
  "timeToInteractive": 7896.896000000001,
  "maxPotentialFirstInputDelay": 506,
  "timeToFirstByte": 43.42,
  "weight": {
    "summary": "92 requests • 1,647 KiB",
    "total": 1686774,
    "image": 361091,
    "imageCount": 19,
    "script": 1159790,
    "scriptCount": 39,
    "document": 61774,
    "font": 35872,
    "fontCount": 1,
    "stylesheet": 16675,
    "stylesheetCount": 6,
    "thirdParty": 1062858,
    "thirdPartyCount": 40
  },
  "run": {
    "number": 3,
    "total": 3
  },
  "axe": {
    "passes": 2205,
    "violations": 10
  }
}