{
  "url": "https://emcasa.com/imoveis/sp/sao-paulo/vila-mariana/condominio-abitare-chacara-klabin",
  "requestedUrl": "https://emcasa.com/imoveis/sp/sao-paulo/vila-mariana/condominio-abitare-chacara-klabin",
  "timestamp": 1703502711500,
  "ranks": {
    "hundos": 2,
    "performance": 2,
    "accessibility": 10,
    "cumulative": 2
  },
  "lighthouse": {
    "version": "9.4.0",
    "performance": 0.83,
    "accessibility": 1,
    "bestPractices": 0.92,
    "seo": 1,
    "total": 375
  },
  "firstContentfulPaint": 1264.302,
  "firstMeaningfulPaint": 1264.302,
  "speedIndex": 2877.532137043674,
  "largestContentfulPaint": 1264.302,
  "totalBlockingTime": 448,
  "cumulativeLayoutShift": 0.02635655381944444,
  "timeToInteractive": 7094.004500000002,
  "maxPotentialFirstInputDelay": 496,
  "timeToFirstByte": 63.316,
  "weight": {
    "summary": "78 requests • 948 KiB",
    "total": 970774,
    "image": 130342,
    "imageCount": 11,
    "script": 715803,
    "scriptCount": 38,
    "document": 29700,
    "font": 35870,
    "fontCount": 1,
    "stylesheet": 17903,
    "stylesheetCount": 7,
    "thirdParty": 435264,
    "thirdPartyCount": 26
  },
  "run": {
    "number": 3,
    "total": 3
  },
  "axe": {
    "passes": 650,
    "violations": 10
  }
}