{
  "url": "https://emcasa.com/imoveis/sp/sao-paulo/vila-mariana/condominio-abitare-chacara-klabin",
  "requestedUrl": "https://emcasa.com/imoveis/sp/sao-paulo/vila-mariana/condominio-abitare-chacara-klabin",
  "timestamp": 1709118704038,
  "ranks": {
    "hundos": 6,
    "performance": 7,
    "accessibility": 8,
    "cumulative": 6
  },
  "lighthouse": {
    "version": "9.4.0",
    "performance": 0.65,
    "accessibility": 1,
    "bestPractices": 0.92,
    "seo": 1,
    "total": 357
  },
  "firstContentfulPaint": 1279.9379999999999,
  "firstMeaningfulPaint": 1279.9379999999999,
  "speedIndex": 3472.5364864270923,
  "largestContentfulPaint": 3280.459,
  "totalBlockingTime": 936.4999999999995,
  "cumulativeLayoutShift": 0.02635655381944444,
  "timeToInteractive": 7864.777999999998,
  "maxPotentialFirstInputDelay": 532,
  "timeToFirstByte": 38.238,
  "weight": {
    "summary": "94 requests • 1,443 KiB",
    "total": 1477968,
    "image": 337239,
    "imageCount": 19,
    "script": 993464,
    "scriptCount": 40,
    "document": 47383,
    "font": 35872,
    "fontCount": 1,
    "stylesheet": 16721,
    "stylesheetCount": 6,
    "thirdParty": 872315,
    "thirdPartyCount": 41
  },
  "run": {
    "number": 3,
    "total": 3
  },
  "axe": {
    "passes": 2216,
    "violations": 10
  }
}