{
  "url": "https://emcasa.com/imoveis/sp/sao-paulo/vila-mariana/condominio-abitare-chacara-klabin",
  "requestedUrl": "https://emcasa.com/imoveis/sp/sao-paulo/vila-mariana/condominio-abitare-chacara-klabin",
  "timestamp": 1702465745521,
  "ranks": {
    "hundos": 2,
    "performance": 2,
    "accessibility": 11,
    "cumulative": 2
  },
  "lighthouse": {
    "version": "9.4.0",
    "performance": 0.8,
    "accessibility": 1,
    "bestPractices": 0.92,
    "seo": 1,
    "total": 372
  },
  "firstContentfulPaint": 1081.3269999999998,
  "firstMeaningfulPaint": 1081.3269999999998,
  "speedIndex": 3199.7547566417943,
  "largestContentfulPaint": 1869.0539999999996,
  "totalBlockingTime": 569.5000000000005,
  "cumulativeLayoutShift": 0.02635655381944444,
  "timeToInteractive": 6950.647000000001,
  "maxPotentialFirstInputDelay": 523.0000000000009,
  "timeToFirstByte": 44.463,
  "weight": {
    "summary": "67 requests • 746 KiB",
    "total": 763892,
    "image": 130201,
    "imageCount": 11,
    "script": 509999,
    "scriptCount": 28,
    "document": 29674,
    "font": 35868,
    "fontCount": 1,
    "stylesheet": 17590,
    "stylesheetCount": 7,
    "thirdParty": 230363,
    "thirdPartyCount": 15
  },
  "run": {
    "number": 2,
    "total": 3
  },
  "axe": {
    "passes": 649,
    "violations": 10
  }
}