{
  "url": "https://emcasa.com/imoveis/sp/sao-paulo/vila-mariana/condominio-abitare-chacara-klabin",
  "requestedUrl": "https://emcasa.com/imoveis/sp/sao-paulo/vila-mariana/condominio-abitare-chacara-klabin",
  "timestamp": 1702120134484,
  "ranks": {
    "hundos": 2,
    "performance": 2,
    "accessibility": 11,
    "cumulative": 2
  },
  "lighthouse": {
    "version": "9.4.0",
    "performance": 0.82,
    "accessibility": 1,
    "bestPractices": 0.92,
    "seo": 1,
    "total": 374
  },
  "firstContentfulPaint": 1079.994,
  "firstMeaningfulPaint": 1079.994,
  "speedIndex": 2058.5325755817194,
  "largestContentfulPaint": 1232.9009999999998,
  "totalBlockingTime": 522.5,
  "cumulativeLayoutShift": 0.02635655381944444,
  "timeToInteractive": 6997.192500000001,
  "maxPotentialFirstInputDelay": 489,
  "timeToFirstByte": 40.80100000000001,
  "weight": {
    "summary": "67 requests • 746 KiB",
    "total": 764084,
    "image": 130334,
    "imageCount": 11,
    "script": 509984,
    "scriptCount": 28,
    "document": 29744,
    "font": 35872,
    "fontCount": 1,
    "stylesheet": 17584,
    "stylesheetCount": 7,
    "thirdParty": 230501,
    "thirdPartyCount": 15
  },
  "run": {
    "number": 2,
    "total": 3
  },
  "axe": {
    "passes": 649,
    "violations": 10
  }
}