{
  "url": "https://emcasa.com/imoveis/sp/sao-paulo/vila-mariana/condominio-abitare-chacara-klabin",
  "requestedUrl": "https://emcasa.com/imoveis/sp/sao-paulo/vila-mariana/condominio-abitare-chacara-klabin",
  "timestamp": 1723719997440,
  "ranks": {
    "hundos": 7,
    "performance": 8,
    "accessibility": 8,
    "cumulative": 7
  },
  "lighthouse": {
    "version": "9.4.0",
    "performance": 0.66,
    "accessibility": 1,
    "bestPractices": 0.92,
    "seo": 1,
    "total": 358
  },
  "firstContentfulPaint": 1235.4199999999996,
  "firstMeaningfulPaint": 1235.4199999999996,
  "speedIndex": 4232.108978325874,
  "largestContentfulPaint": 2958.3280000000004,
  "totalBlockingTime": 905.5,
  "cumulativeLayoutShift": 0.02635655381944444,
  "timeToInteractive": 7935.597999999998,
  "maxPotentialFirstInputDelay": 507,
  "timeToFirstByte": 448.393,
  "weight": {
    "summary": "92 requests • 1,644 KiB",
    "total": 1683502,
    "image": 343787,
    "imageCount": 19,
    "script": 1176453,
    "scriptCount": 40,
    "document": 61368,
    "font": 35872,
    "fontCount": 1,
    "stylesheet": 16751,
    "stylesheetCount": 6,
    "thirdParty": 1062161,
    "thirdPartyCount": 43
  },
  "run": {
    "number": 1,
    "total": 3
  },
  "axe": {
    "passes": 2233,
    "violations": 10
  }
}