{
  "url": "https://emcasa.com/imoveis/sp/sao-paulo/vila-mariana/condominio-abitare-chacara-klabin",
  "requestedUrl": "https://emcasa.com/imoveis/sp/sao-paulo/vila-mariana/condominio-abitare-chacara-klabin",
  "timestamp": 1717240002077,
  "ranks": {
    "hundos": 6,
    "performance": 6,
    "accessibility": 9,
    "cumulative": 6
  },
  "lighthouse": {
    "version": "9.4.0",
    "performance": 0.65,
    "accessibility": 1,
    "bestPractices": 0.92,
    "seo": 1,
    "total": 357
  },
  "firstContentfulPaint": 1282.264,
  "firstMeaningfulPaint": 1282.264,
  "speedIndex": 4385.491190061761,
  "largestContentfulPaint": 2870.767,
  "totalBlockingTime": 979,
  "cumulativeLayoutShift": 0.02635655381944444,
  "timeToInteractive": 8190.1625,
  "maxPotentialFirstInputDelay": 442,
  "timeToFirstByte": 452.50800000000004,
  "weight": {
    "summary": "91 requests • 1,597 KiB",
    "total": 1635282,
    "image": 327071,
    "imageCount": 19,
    "script": 1144795,
    "scriptCount": 39,
    "document": 59575,
    "font": 35872,
    "fontCount": 1,
    "stylesheet": 16720,
    "stylesheetCount": 6,
    "thirdParty": 1012755,
    "thirdPartyCount": 39
  },
  "run": {
    "number": 1,
    "total": 3
  },
  "axe": {
    "passes": 2193,
    "violations": 10
  }
}