{
  "url": "https://emcasa.com/imoveis/sp/sao-paulo/vila-mariana/condominio-abitare-chacara-klabin",
  "requestedUrl": "https://emcasa.com/imoveis/sp/sao-paulo/vila-mariana/condominio-abitare-chacara-klabin",
  "timestamp": 1716289784479,
  "ranks": {
    "hundos": 6,
    "performance": 7,
    "accessibility": 10,
    "cumulative": 6
  },
  "lighthouse": {
    "version": "9.4.0",
    "performance": 0.64,
    "accessibility": 1,
    "bestPractices": 1,
    "seo": 1,
    "total": 364
  },
  "firstContentfulPaint": 1374.255,
  "firstMeaningfulPaint": 1374.255,
  "speedIndex": 4263.224102035279,
  "largestContentfulPaint": 3197.095,
  "totalBlockingTime": 912.5,
  "cumulativeLayoutShift": 0.02635655381944444,
  "timeToInteractive": 8148.835000000001,
  "maxPotentialFirstInputDelay": 535,
  "timeToFirstByte": 49.17399999999999,
  "weight": {
    "summary": "78 requests • 1,116 KiB",
    "total": 1143087,
    "image": 338177,
    "imageCount": 19,
    "script": 641321,
    "scriptCount": 28,
    "document": 58776,
    "font": 35874,
    "fontCount": 1,
    "stylesheet": 16678,
    "stylesheetCount": 6,
    "thirdParty": 520558,
    "thirdPartyCount": 26
  },
  "run": {
    "number": 2,
    "total": 3
  },
  "axe": {
    "passes": 2185,
    "violations": 10
  }
}