{
  "url": "https://emcasa.com/imoveis/sp/sao-paulo/vila-mariana/condominio-abitare-chacara-klabin",
  "requestedUrl": "https://emcasa.com/imoveis/sp/sao-paulo/vila-mariana/condominio-abitare-chacara-klabin",
  "timestamp": 1716203389545,
  "ranks": {
    "hundos": 9,
    "performance": 9,
    "accessibility": 10,
    "cumulative": 9
  },
  "lighthouse": {
    "version": "9.4.0",
    "performance": 0.5,
    "accessibility": 1,
    "bestPractices": 1,
    "seo": 1,
    "total": 350
  },
  "firstContentfulPaint": 1238.1090000000002,
  "firstMeaningfulPaint": 1238.1090000000002,
  "speedIndex": 3736.1382113685754,
  "largestContentfulPaint": 5528.165,
  "totalBlockingTime": 974,
  "cumulativeLayoutShift": 0.02635655381944444,
  "timeToInteractive": 8125.662999999999,
  "maxPotentialFirstInputDelay": 623,
  "timeToFirstByte": 33.501999999999995,
  "weight": {
    "summary": "88 requests • 1,120 KiB",
    "total": 1146844,
    "image": 341941,
    "imageCount": 19,
    "script": 641287,
    "scriptCount": 38,
    "document": 58797,
    "font": 35874,
    "fontCount": 1,
    "stylesheet": 16684,
    "stylesheetCount": 6,
    "thirdParty": 524279,
    "thirdPartyCount": 36
  },
  "run": {
    "number": 2,
    "total": 3
  },
  "axe": {
    "passes": 2185,
    "violations": 10
  }
}