{
  "url": "https://emcasa.com/imoveis/sp/sao-paulo/vila-mariana/condominio-abitare-chacara-klabin",
  "requestedUrl": "https://emcasa.com/imoveis/sp/sao-paulo/vila-mariana/condominio-abitare-chacara-klabin",
  "timestamp": 1717499518798,
  "ranks": {
    "hundos": 4,
    "performance": 4,
    "accessibility": 9,
    "cumulative": 5
  },
  "lighthouse": {
    "version": "9.4.0",
    "performance": 0.68,
    "accessibility": 1,
    "bestPractices": 0.92,
    "seo": 1,
    "total": 360
  },
  "firstContentfulPaint": 1236.186,
  "firstMeaningfulPaint": 1236.186,
  "speedIndex": 4149.249353820719,
  "largestContentfulPaint": 2846.236,
  "totalBlockingTime": 874.0000000000005,
  "cumulativeLayoutShift": 0.02635655381944444,
  "timeToInteractive": 7764.433500000001,
  "maxPotentialFirstInputDelay": 528.0000000000005,
  "timeToFirstByte": 26.014,
  "weight": {
    "summary": "94 requests • 1,502 KiB",
    "total": 1537946,
    "image": 327743,
    "imageCount": 19,
    "script": 1046073,
    "scriptCount": 41,
    "document": 60083,
    "font": 35872,
    "fontCount": 1,
    "stylesheet": 16680,
    "stylesheetCount": 6,
    "thirdParty": 915098,
    "thirdPartyCount": 42
  },
  "run": {
    "number": 3,
    "total": 3
  },
  "axe": {
    "passes": 2193,
    "violations": 10
  }
}