{
  "url": "https://emcasa.com/imoveis/sp/sao-paulo/vila-mariana/condominio-abitare-chacara-klabin",
  "requestedUrl": "https://emcasa.com/imoveis/sp/sao-paulo/vila-mariana/condominio-abitare-chacara-klabin",
  "timestamp": 1699527970216,
  "ranks": {
    "hundos": 3,
    "performance": 5,
    "accessibility": 9,
    "cumulative": 3
  },
  "lighthouse": {
    "version": "9.4.0",
    "performance": 0.71,
    "accessibility": 1,
    "bestPractices": 0.92,
    "seo": 1,
    "total": 363
  },
  "firstContentfulPaint": 1237.788,
  "firstMeaningfulPaint": 1237.788,
  "speedIndex": 2589.450468000001,
  "largestContentfulPaint": 1538.274,
  "totalBlockingTime": 715,
  "cumulativeLayoutShift": 0.2134747034708659,
  "timeToInteractive": 6845.807000000001,
  "maxPotentialFirstInputDelay": 511.00000000000045,
  "timeToFirstByte": 471.242,
  "weight": {
    "summary": "50 requests • 680 KiB",
    "total": 695844,
    "image": 126628,
    "imageCount": 8,
    "script": 485574,
    "scriptCount": 23,
    "document": 29929,
    "font": 35872,
    "fontCount": 1,
    "stylesheet": 16447,
    "stylesheetCount": 6,
    "thirdParty": 230056,
    "thirdPartyCount": 15
  },
  "run": {
    "number": 1,
    "total": 3
  },
  "axe": {
    "passes": 683,
    "violations": 9
  }
}