{
  "url": "https://emcasa.com/imoveis/sp/sao-paulo/vila-mariana/condominio-abitare-chacara-klabin",
  "requestedUrl": "https://emcasa.com/imoveis/sp/sao-paulo/vila-mariana/condominio-abitare-chacara-klabin",
  "timestamp": 1707476782940,
  "ranks": {
    "hundos": 9,
    "performance": 7,
    "accessibility": 9,
    "cumulative": 9
  },
  "lighthouse": {
    "version": "9.4.0",
    "performance": 0.64,
    "accessibility": 1,
    "bestPractices": 0.83,
    "seo": 1,
    "total": 347
  },
  "firstContentfulPaint": 1287.953,
  "firstMeaningfulPaint": 1287.953,
  "speedIndex": 4678.80927912369,
  "largestContentfulPaint": 3202.191,
  "totalBlockingTime": 842.9999999999991,
  "cumulativeLayoutShift": 0.02635655381944444,
  "timeToInteractive": 7766.33,
  "maxPotentialFirstInputDelay": 516.9999999999982,
  "timeToFirstByte": 667.7579999999999,
  "weight": {
    "summary": "105 requests • 1,501 KiB",
    "total": 1536962,
    "image": 334063,
    "imageCount": 25,
    "script": 1055735,
    "scriptCount": 42,
    "document": 47260,
    "font": 35872,
    "fontCount": 1,
    "stylesheet": 16713,
    "stylesheetCount": 6,
    "thirdParty": 932204,
    "thirdPartyCount": 52
  },
  "run": {
    "number": 1,
    "total": 3
  },
  "axe": {
    "passes": 2203,
    "violations": 10
  }
}