{
  "url": "https://emcasa.com/imoveis/sp/sao-paulo/vila-mariana/condominio-abitare-chacara-klabin",
  "requestedUrl": "https://emcasa.com/imoveis/sp/sao-paulo/vila-mariana/condominio-abitare-chacara-klabin",
  "timestamp": 1708773088796,
  "ranks": {
    "hundos": 11,
    "performance": 11,
    "accessibility": 9,
    "cumulative": 11
  },
  "lighthouse": {
    "version": "9.4.0",
    "performance": 0.52,
    "accessibility": 1,
    "bestPractices": 0.83,
    "seo": 1,
    "total": 335
  },
  "firstContentfulPaint": 1212.801,
  "firstMeaningfulPaint": 1212.801,
  "speedIndex": 3534.190931628301,
  "largestContentfulPaint": 5808.513999999999,
  "totalBlockingTime": 848.5000000000007,
  "cumulativeLayoutShift": 0.02635655381944444,
  "timeToInteractive": 7703.7514999999985,
  "maxPotentialFirstInputDelay": 621.0000000000009,
  "timeToFirstByte": 40.188,
  "weight": {
    "summary": "104 requests • 1,516 KiB",
    "total": 1552468,
    "image": 338185,
    "imageCount": 25,
    "script": 1066655,
    "scriptCount": 41,
    "document": 48086,
    "font": 35872,
    "fontCount": 1,
    "stylesheet": 16675,
    "stylesheetCount": 6,
    "thirdParty": 946934,
    "thirdPartyCount": 51
  },
  "run": {
    "number": 3,
    "total": 3
  },
  "axe": {
    "passes": 2216,
    "violations": 10
  }
}