{
  "url": "https://emcasa.com/imoveis/sp/sao-paulo/vila-mariana/condominio-abitare-chacara-klabin",
  "requestedUrl": "https://emcasa.com/imoveis/sp/sao-paulo/vila-mariana/condominio-abitare-chacara-klabin",
  "timestamp": 1707995358501,
  "ranks": {
    "hundos": 9,
    "performance": 10,
    "accessibility": 9,
    "cumulative": 9
  },
  "lighthouse": {
    "version": "9.4.0",
    "performance": 0.52,
    "accessibility": 1,
    "bestPractices": 0.83,
    "seo": 1,
    "total": 335
  },
  "firstContentfulPaint": 1227.081,
  "firstMeaningfulPaint": 1227.081,
  "speedIndex": 3015.839692254059,
  "largestContentfulPaint": 5864.9635,
  "totalBlockingTime": 870.4999999999995,
  "cumulativeLayoutShift": 0.02635655381944444,
  "timeToInteractive": 7607.477999999999,
  "maxPotentialFirstInputDelay": 604.9999999999991,
  "timeToFirstByte": 31.886000000000003,
  "weight": {
    "summary": "104 requests • 1,503 KiB",
    "total": 1539342,
    "image": 334607,
    "imageCount": 25,
    "script": 1057498,
    "scriptCount": 41,
    "document": 47341,
    "font": 35870,
    "fontCount": 1,
    "stylesheet": 16673,
    "stylesheetCount": 6,
    "thirdParty": 934604,
    "thirdPartyCount": 51
  },
  "run": {
    "number": 2,
    "total": 3
  },
  "axe": {
    "passes": 2203,
    "violations": 10
  }
}