{
  "url": "https://emcasa.com/imoveis/sp/sao-paulo/vila-mariana/condominio-abitare-chacara-klabin",
  "requestedUrl": "https://emcasa.com/imoveis/sp/sao-paulo/vila-mariana/condominio-abitare-chacara-klabin",
  "timestamp": 1704798527740,
  "ranks": {
    "hundos": 11,
    "performance": 10,
    "accessibility": 9,
    "cumulative": 11
  },
  "lighthouse": {
    "version": "9.4.0",
    "performance": 0.52,
    "accessibility": 1,
    "bestPractices": 0.83,
    "seo": 1,
    "total": 335
  },
  "firstContentfulPaint": 1219.372,
  "firstMeaningfulPaint": 1219.372,
  "speedIndex": 3734.1008985272356,
  "largestContentfulPaint": 5665.74,
  "totalBlockingTime": 850.0000000000005,
  "cumulativeLayoutShift": 0.02635655381944444,
  "timeToInteractive": 7709.883,
  "maxPotentialFirstInputDelay": 633.9999999999991,
  "timeToFirstByte": 33.113,
  "weight": {
    "summary": "103 requests • 1,389 KiB",
    "total": 1422346,
    "image": 321111,
    "imageCount": 24,
    "script": 956008,
    "scriptCount": 40,
    "document": 48430,
    "font": 35871,
    "fontCount": 1,
    "stylesheet": 16735,
    "stylesheetCount": 6,
    "thirdParty": 821252,
    "thirdPartyCount": 52
  },
  "run": {
    "number": 2,
    "total": 3
  },
  "axe": {
    "passes": 2209,
    "violations": 10
  }
}