{
  "url": "https://emcasa.com/imoveis/sp/sao-paulo/vila-mariana/condominio-abitare-chacara-klabin",
  "requestedUrl": "https://emcasa.com/imoveis/sp/sao-paulo/vila-mariana/condominio-abitare-chacara-klabin",
  "timestamp": 1723979493529,
  "ranks": {
    "hundos": 7,
    "performance": 5,
    "accessibility": 8,
    "cumulative": 7
  },
  "lighthouse": {
    "version": "9.4.0",
    "performance": 0.72,
    "accessibility": 1,
    "bestPractices": 0.83,
    "seo": 1,
    "total": 355
  },
  "firstContentfulPaint": 1234.4109999999998,
  "firstMeaningfulPaint": 1234.4109999999998,
  "speedIndex": 4128.900673260587,
  "largestContentfulPaint": 2562.066,
  "totalBlockingTime": 725.3839999999996,
  "cumulativeLayoutShift": 0.02635655381944444,
  "timeToInteractive": 7695.538999999999,
  "maxPotentialFirstInputDelay": 461,
  "timeToFirstByte": 31.864000000000004,
  "weight": {
    "summary": "93 requests • 1,648 KiB",
    "total": 1688041,
    "image": 343713,
    "imageCount": 19,
    "script": 1181163,
    "scriptCount": 38,
    "document": 61588,
    "font": 35872,
    "fontCount": 1,
    "stylesheet": 16757,
    "stylesheetCount": 6,
    "thirdParty": 1067046,
    "thirdPartyCount": 44
  },
  "run": {
    "number": 3,
    "total": 3
  },
  "axe": {
    "passes": 2233,
    "violations": 10
  }
}