{
  "url": "https://emcasa.com/imoveis/sp/sao-paulo/vila-mariana/condominio-abitare-chacara-klabin",
  "requestedUrl": "https://emcasa.com/imoveis/sp/sao-paulo/vila-mariana/condominio-abitare-chacara-klabin",
  "timestamp": 1707909103499,
  "ranks": {
    "hundos": 11,
    "performance": 10,
    "accessibility": 9,
    "cumulative": 11
  },
  "lighthouse": {
    "version": "9.4.0",
    "performance": 0.5,
    "accessibility": 1,
    "bestPractices": 0.83,
    "seo": 1,
    "total": 333
  },
  "firstContentfulPaint": 1248.955,
  "firstMeaningfulPaint": 1248.955,
  "speedIndex": 3964.8380320738024,
  "largestContentfulPaint": 6859.063500000002,
  "totalBlockingTime": 828.9999999999995,
  "cumulativeLayoutShift": 0.02635655381944444,
  "timeToInteractive": 7541.077000000002,
  "maxPotentialFirstInputDelay": 525.9999999999991,
  "timeToFirstByte": 33.856,
  "weight": {
    "summary": "104 requests • 1,507 KiB",
    "total": 1543654,
    "image": 337746,
    "imageCount": 25,
    "script": 1058208,
    "scriptCount": 41,
    "document": 47782,
    "font": 35871,
    "fontCount": 1,
    "stylesheet": 16723,
    "stylesheetCount": 6,
    "thirdParty": 938776,
    "thirdPartyCount": 51
  },
  "run": {
    "number": 3,
    "total": 3
  },
  "axe": {
    "passes": 2203,
    "violations": 10
  }
}