{
  "url": "https://emcasa.com/imoveis/sp/sao-paulo/vila-mariana/condominio-abitare-chacara-klabin",
  "requestedUrl": "https://emcasa.com/imoveis/sp/sao-paulo/vila-mariana/condominio-abitare-chacara-klabin",
  "timestamp": 1720955552495,
  "ranks": {
    "hundos": 7,
    "performance": 7,
    "accessibility": 9,
    "cumulative": 7
  },
  "lighthouse": {
    "version": "9.4.0",
    "performance": 0.67,
    "accessibility": 1,
    "bestPractices": 0.92,
    "seo": 1,
    "total": 359
  },
  "firstContentfulPaint": 1243.917,
  "firstMeaningfulPaint": 1243.917,
  "speedIndex": 4360.716239967298,
  "largestContentfulPaint": 2538.035,
  "totalBlockingTime": 956.0000000000009,
  "cumulativeLayoutShift": 0.02635655381944444,
  "timeToInteractive": 8702.005000000003,
  "maxPotentialFirstInputDelay": 634.0000000000018,
  "timeToFirstByte": 28.551,
  "weight": {
    "summary": "93 requests • 1,571 KiB",
    "total": 1608627,
    "image": 364501,
    "imageCount": 19,
    "script": 1078956,
    "scriptCount": 39,
    "document": 61122,
    "font": 35872,
    "fontCount": 1,
    "stylesheet": 16715,
    "stylesheetCount": 6,
    "thirdParty": 984674,
    "thirdPartyCount": 41
  },
  "run": {
    "number": 3,
    "total": 3
  },
  "axe": {
    "passes": 2205,
    "violations": 10
  }
}