{
  "url": "https://emcasa.com/imoveis/sp/sao-paulo/vila-mariana/condominio-abitare-chacara-klabin",
  "requestedUrl": "https://emcasa.com/imoveis/sp/sao-paulo/vila-mariana/condominio-abitare-chacara-klabin",
  "timestamp": 1700996779111,
  "ranks": {
    "hundos": 3,
    "performance": 4,
    "accessibility": 11,
    "cumulative": 3
  },
  "lighthouse": {
    "version": "9.4.0",
    "performance": 0.8,
    "accessibility": 1,
    "bestPractices": 0.92,
    "seo": 1,
    "total": 372
  },
  "firstContentfulPaint": 1289.2949999999998,
  "firstMeaningfulPaint": 1289.2949999999998,
  "speedIndex": 3912.0035221013222,
  "largestContentfulPaint": 1368.9854999999998,
  "totalBlockingTime": 516,
  "cumulativeLayoutShift": 0.02635655381944444,
  "timeToInteractive": 7072.868000000001,
  "maxPotentialFirstInputDelay": 524.0000000000005,
  "timeToFirstByte": 741.356,
  "weight": {
    "summary": "75 requests • 943 KiB",
    "total": 965745,
    "image": 126626,
    "imageCount": 10,
    "script": 716839,
    "scriptCount": 36,
    "document": 30719,
    "font": 35873,
    "fontCount": 1,
    "stylesheet": 16517,
    "stylesheetCount": 6,
    "thirdParty": 461601,
    "thirdPartyCount": 30
  },
  "run": {
    "number": 1,
    "total": 3
  },
  "axe": {
    "passes": 664,
    "violations": 10
  }
}