{
  "url": "https://emcasa.com/imoveis/sp/sao-paulo/vila-mariana/condominio-abitare-chacara-klabin",
  "requestedUrl": "https://emcasa.com/imoveis/sp/sao-paulo/vila-mariana/condominio-abitare-chacara-klabin",
  "timestamp": 1705662393303,
  "ranks": {
    "hundos": 11,
    "performance": 11,
    "accessibility": 9,
    "cumulative": 11
  },
  "lighthouse": {
    "version": "9.4.0",
    "performance": 0.48,
    "accessibility": 1,
    "bestPractices": 0.92,
    "seo": 1,
    "total": 340
  },
  "firstContentfulPaint": 1248.204,
  "firstMeaningfulPaint": 1248.204,
  "speedIndex": 5431.587173682214,
  "largestContentfulPaint": 5621.966499999999,
  "totalBlockingTime": 863.9999999999991,
  "cumulativeLayoutShift": 0.02635655381944444,
  "timeToInteractive": 8830.241499999996,
  "maxPotentialFirstInputDelay": 627.9999999999982,
  "timeToFirstByte": 937.694,
  "weight": {
    "summary": "90 requests • 1,291 KiB",
    "total": 1321543,
    "image": 332185,
    "imageCount": 19,
    "script": 845722,
    "scriptCount": 39,
    "document": 47417,
    "font": 35873,
    "fontCount": 1,
    "stylesheet": 16726,
    "stylesheetCount": 6,
    "thirdParty": 719707,
    "thirdPartyCount": 39
  },
  "run": {
    "number": 1,
    "total": 3
  },
  "axe": {
    "passes": 2205,
    "violations": 10
  }
}