{
  "url": "https://emcasa.com/imoveis/sp/sao-paulo/vila-mariana/condominio-abitare-chacara-klabin",
  "requestedUrl": "https://emcasa.com/imoveis/sp/sao-paulo/vila-mariana/condominio-abitare-chacara-klabin",
  "timestamp": 1718881741269,
  "ranks": {
    "hundos": 11,
    "performance": 11,
    "accessibility": 8,
    "cumulative": 12
  },
  "lighthouse": {
    "version": "9.4.0",
    "performance": 0.47,
    "accessibility": 1,
    "bestPractices": 1,
    "seo": 1,
    "total": 347
  },
  "firstContentfulPaint": 1278.231,
  "firstMeaningfulPaint": 1278.231,
  "speedIndex": 4611.681959698491,
  "largestContentfulPaint": 6590.763999999999,
  "totalBlockingTime": 928.4999999999995,
  "cumulativeLayoutShift": 0.02635655381944444,
  "timeToInteractive": 7971.8679999999995,
  "maxPotentialFirstInputDelay": 504,
  "timeToFirstByte": 29.621999999999996,
  "weight": {
    "summary": "90 requests • 1,641 KiB",
    "total": 1680267,
    "image": 364272,
    "imageCount": 19,
    "script": 1150628,
    "scriptCount": 38,
    "document": 60553,
    "font": 35872,
    "fontCount": 1,
    "stylesheet": 16711,
    "stylesheetCount": 6,
    "thirdParty": 1055908,
    "thirdPartyCount": 38
  },
  "run": {
    "number": 2,
    "total": 3
  },
  "axe": {
    "passes": 2205,
    "violations": 10
  }
}