{
  "url": "https://emcasa.com/imoveis/sp/sao-paulo/vila-mariana/condominio-abitare-chacara-klabin",
  "requestedUrl": "https://emcasa.com/imoveis/sp/sao-paulo/vila-mariana/condominio-abitare-chacara-klabin",
  "timestamp": 1715425562129,
  "ranks": {
    "hundos": 7,
    "performance": 7,
    "accessibility": 10,
    "cumulative": 7
  },
  "lighthouse": {
    "version": "9.4.0",
    "performance": 0.64,
    "accessibility": 1,
    "bestPractices": 0.92,
    "seo": 1,
    "total": 356
  },
  "firstContentfulPaint": 1284.194,
  "firstMeaningfulPaint": 1284.194,
  "speedIndex": 5854.638548286006,
  "largestContentfulPaint": 2825.722,
  "totalBlockingTime": 858.927999999999,
  "cumulativeLayoutShift": 0.02635655381944444,
  "timeToInteractive": 8600.401999999998,
  "maxPotentialFirstInputDelay": 523.9999999999982,
  "timeToFirstByte": 777.262,
  "weight": {
    "summary": "92 requests • 1,475 KiB",
    "total": 1510331,
    "image": 348678,
    "imageCount": 19,
    "script": 998976,
    "scriptCount": 39,
    "document": 58569,
    "font": 35872,
    "fontCount": 1,
    "stylesheet": 16734,
    "stylesheetCount": 6,
    "thirdParty": 888736,
    "thirdPartyCount": 40
  },
  "run": {
    "number": 1,
    "total": 3
  },
  "axe": {
    "passes": 2185,
    "violations": 10
  }
}