{
  "url": "https://emcasa.com/imoveis/sp/sao-paulo/vila-mariana/condominio-abitare-chacara-klabin",
  "requestedUrl": "https://emcasa.com/imoveis/sp/sao-paulo/vila-mariana/condominio-abitare-chacara-klabin",
  "timestamp": 1697541215520,
  "ranks": {
    "hundos": 6,
    "performance": 9,
    "accessibility": 11,
    "cumulative": 6
  },
  "lighthouse": {
    "version": "9.4.0",
    "performance": 0.51,
    "accessibility": 1,
    "bestPractices": 0.92,
    "seo": 1,
    "total": 343
  },
  "firstContentfulPaint": 1236.937,
  "firstMeaningfulPaint": 1236.937,
  "speedIndex": 4330.1455339766235,
  "largestContentfulPaint": 4938.937,
  "totalBlockingTime": 1147.5000000000002,
  "cumulativeLayoutShift": 0.02635655381944444,
  "timeToInteractive": 7713.937,
  "maxPotentialFirstInputDelay": 532.0000000000002,
  "timeToFirstByte": 39.773,
  "weight": {
    "summary": "68 requests • 893 KiB",
    "total": 914519,
    "image": 195133,
    "imageCount": 10,
    "script": 586756,
    "scriptCount": 29,
    "document": 41507,
    "font": 35872,
    "fontCount": 1,
    "stylesheet": 15271,
    "stylesheetCount": 5,
    "thirdParty": 348889,
    "thirdPartyCount": 22
  },
  "run": {
    "number": 3,
    "total": 3
  },
  "axe": {
    "passes": 891,
    "violations": 10
  }
}