{
  "url": "https://emcasa.com/imoveis/sp/sao-paulo/vila-mariana/condominio-abitare-chacara-klabin",
  "requestedUrl": "https://emcasa.com/imoveis/sp/sao-paulo/vila-mariana/condominio-abitare-chacara-klabin",
  "timestamp": 1696158381296,
  "ranks": {
    "hundos": 5,
    "performance": 10,
    "accessibility": 11,
    "cumulative": 5
  },
  "lighthouse": {
    "version": "9.4.0",
    "performance": 0.47,
    "accessibility": 1,
    "bestPractices": 1,
    "seo": 1,
    "total": 347
  },
  "firstContentfulPaint": 1448.266,
  "firstMeaningfulPaint": 1448.266,
  "speedIndex": 3356.1526972041493,
  "largestContentfulPaint": 5043.266,
  "totalBlockingTime": 1709.3999999999996,
  "cumulativeLayoutShift": 0.0037435544331868493,
  "timeToInteractive": 8440.465999999999,
  "maxPotentialFirstInputDelay": 703,
  "timeToFirstByte": 481.278,
  "weight": {
    "summary": "68 requests • 892 KiB",
    "total": 913357,
    "image": 194597,
    "imageCount": 10,
    "script": 584762,
    "scriptCount": 29,
    "document": 42695,
    "font": 35871,
    "fontCount": 1,
    "stylesheet": 15256,
    "stylesheetCount": 5,
    "thirdParty": 347766,
    "thirdPartyCount": 22
  },
  "run": {
    "number": 1,
    "total": 3
  },
  "axe": {
    "passes": 893,
    "violations": 10
  }
}