{
  "url": "https://emcasa.com/imoveis/sp/sao-paulo/vila-mariana/condominio-abitare-chacara-klabin",
  "requestedUrl": "https://emcasa.com/imoveis/sp/sao-paulo/vila-mariana/condominio-abitare-chacara-klabin",
  "timestamp": 1709723356044,
  "ranks": {
    "hundos": 4,
    "performance": 5,
    "accessibility": 9,
    "cumulative": 4
  },
  "lighthouse": {
    "version": "9.4.0",
    "performance": 0.7,
    "accessibility": 1,
    "bestPractices": 0.92,
    "seo": 1,
    "total": 362
  },
  "firstContentfulPaint": 1237.759,
  "firstMeaningfulPaint": 1237.759,
  "speedIndex": 3663.7823210977326,
  "largestContentfulPaint": 2414.7965000000004,
  "totalBlockingTime": 843,
  "cumulativeLayoutShift": 0.02635655381944444,
  "timeToInteractive": 8955.066499999999,
  "maxPotentialFirstInputDelay": 627,
  "timeToFirstByte": 25.609999999999992,
  "weight": {
    "summary": "94 requests • 1,463 KiB",
    "total": 1498272,
    "image": 337114,
    "imageCount": 19,
    "script": 1015237,
    "scriptCount": 39,
    "document": 46102,
    "font": 35872,
    "fontCount": 1,
    "stylesheet": 16710,
    "stylesheetCount": 6,
    "thirdParty": 893170,
    "thirdPartyCount": 41
  },
  "run": {
    "number": 2,
    "total": 3
  },
  "axe": {
    "passes": 2207,
    "violations": 10
  }
}