{
  "url": "https://emcasa.com/imoveis/sp/sao-paulo/vila-mariana/condominio-abitare-chacara-klabin",
  "requestedUrl": "https://emcasa.com/imoveis/sp/sao-paulo/vila-mariana/condominio-abitare-chacara-klabin",
  "timestamp": 1696763584323,
  "ranks": {
    "hundos": 7,
    "performance": 7,
    "accessibility": 10,
    "cumulative": 7
  },
  "lighthouse": {
    "version": "9.4.0",
    "performance": 0.52,
    "accessibility": 1,
    "bestPractices": 1,
    "seo": 1,
    "total": 352
  },
  "firstContentfulPaint": 1231.2399999999998,
  "firstMeaningfulPaint": 1231.2399999999998,
  "speedIndex": 4344.338257456895,
  "largestContentfulPaint": 5369.808999999999,
  "totalBlockingTime": 913.5,
  "cumulativeLayoutShift": 0.02635655381944444,
  "timeToInteractive": 7627.3539999999975,
  "maxPotentialFirstInputDelay": 677,
  "timeToFirstByte": 59.585,
  "weight": {
    "summary": "63 requests • 896 KiB",
    "total": 917170,
    "image": 195144,
    "imageCount": 10,
    "script": 587406,
    "scriptCount": 26,
    "document": 42491,
    "font": 35872,
    "fontCount": 1,
    "stylesheet": 15301,
    "stylesheetCount": 5,
    "thirdParty": 349724,
    "thirdPartyCount": 17
  },
  "run": {
    "number": 3,
    "total": 3
  },
  "axe": {
    "passes": 891,
    "violations": 10
  }
}