{
  "url": "https://emcasa.com/imoveis/sp/sao-paulo/vila-mariana/condominio-abitare-chacara-klabin",
  "requestedUrl": "https://emcasa.com/imoveis/sp/sao-paulo/vila-mariana/condominio-abitare-chacara-klabin",
  "timestamp": 1698404775668,
  "ranks": {
    "hundos": 11,
    "performance": 13,
    "accessibility": 9,
    "cumulative": 11
  },
  "lighthouse": {
    "version": "9.4.0",
    "performance": 0.39,
    "accessibility": 1,
    "bestPractices": 0.92,
    "seo": 1,
    "total": 331
  },
  "firstContentfulPaint": 1296.3750000000002,
  "firstMeaningfulPaint": 1296.3750000000002,
  "speedIndex": 3252.5753460000064,
  "largestContentfulPaint": 7185.504500000001,
  "totalBlockingTime": 1003.5,
  "cumulativeLayoutShift": 0.2974333199395074,
  "timeToInteractive": 7751.841500000002,
  "maxPotentialFirstInputDelay": 693,
  "timeToFirstByte": 520.1840000000001,
  "weight": {
    "summary": "64 requests • 723 KiB",
    "total": 740051,
    "image": 126622,
    "imageCount": 8,
    "script": 484225,
    "scriptCount": 27,
    "document": 37818,
    "font": 35872,
    "fontCount": 1,
    "stylesheet": 16078,
    "stylesheetCount": 6,
    "thirdParty": 229452,
    "thirdPartyCount": 19
  },
  "run": {
    "number": 1,
    "total": 3
  },
  "axe": {
    "passes": 717,
    "violations": 10
  }
}