{
  "url": "https://emcasa.com/imoveis/sp/sao-paulo/vila-mariana/condominio-abitare-chacara-klabin",
  "requestedUrl": "https://emcasa.com/imoveis/sp/sao-paulo/vila-mariana/condominio-abitare-chacara-klabin",
  "timestamp": 1703675166346,
  "ranks": {
    "hundos": 3,
    "performance": 3,
    "accessibility": 10,
    "cumulative": 3
  },
  "lighthouse": {
    "version": "9.4.0",
    "performance": 0.78,
    "accessibility": 1,
    "bestPractices": 0.92,
    "seo": 1,
    "total": 370
  },
  "firstContentfulPaint": 1237.782,
  "firstMeaningfulPaint": 1237.782,
  "speedIndex": 3798.864923385334,
  "largestContentfulPaint": 1874.061,
  "totalBlockingTime": 588.0000000000005,
  "cumulativeLayoutShift": 0.02635655381944444,
  "timeToInteractive": 7082.037000000002,
  "maxPotentialFirstInputDelay": 500.0000000000009,
  "timeToFirstByte": 494.594,
  "weight": {
    "summary": "67 requests • 748 KiB",
    "total": 765872,
    "image": 130180,
    "imageCount": 11,
    "script": 511048,
    "scriptCount": 28,
    "document": 29707,
    "font": 35872,
    "fontCount": 1,
    "stylesheet": 17902,
    "stylesheetCount": 7,
    "thirdParty": 230356,
    "thirdPartyCount": 15
  },
  "run": {
    "number": 1,
    "total": 3
  },
  "axe": {
    "passes": 650,
    "violations": 10
  }
}