{
  "url": "https://emcasa.com/imoveis/sp/sao-paulo/vila-mariana/condominio-abitare-chacara-klabin",
  "requestedUrl": "https://emcasa.com/imoveis/sp/sao-paulo/vila-mariana/condominio-abitare-chacara-klabin",
  "timestamp": 1697972760580,
  "ranks": {
    "hundos": 12,
    "performance": 13,
    "accessibility": 10,
    "cumulative": 12
  },
  "lighthouse": {
    "version": "9.4.0",
    "performance": 0.4,
    "accessibility": 1,
    "bestPractices": 0.92,
    "seo": 1,
    "total": 332
  },
  "firstContentfulPaint": 1256.6810000000003,
  "firstMeaningfulPaint": 1256.6810000000003,
  "speedIndex": 2931.85850754329,
  "largestContentfulPaint": 6861.3150000000005,
  "totalBlockingTime": 1026,
  "cumulativeLayoutShift": 0.2974333199395074,
  "timeToInteractive": 7398.835000000002,
  "maxPotentialFirstInputDelay": 606,
  "timeToFirstByte": 435.915,
  "weight": {
    "summary": "64 requests • 724 KiB",
    "total": 741307,
    "image": 128134,
    "imageCount": 8,
    "script": 484006,
    "scriptCount": 27,
    "document": 37810,
    "font": 35872,
    "fontCount": 1,
    "stylesheet": 16024,
    "stylesheetCount": 6,
    "thirdParty": 230976,
    "thirdPartyCount": 19
  },
  "run": {
    "number": 1,
    "total": 3
  },
  "axe": {
    "passes": 717,
    "violations": 10
  }
}