{
  "url": "https://emcasa.com/imoveis/sp/sao-paulo/vila-mariana/condominio-abitare-chacara-klabin",
  "requestedUrl": "https://emcasa.com/imoveis/sp/sao-paulo/vila-mariana/condominio-abitare-chacara-klabin",
  "timestamp": 1717672305952,
  "ranks": {
    "hundos": 11,
    "performance": 12,
    "accessibility": 9,
    "cumulative": 11
  },
  "lighthouse": {
    "version": "9.4.0",
    "performance": 0.48,
    "accessibility": 1,
    "bestPractices": 0.92,
    "seo": 1,
    "total": 340
  },
  "firstContentfulPaint": 1237.1519999999996,
  "firstMeaningfulPaint": 1237.1519999999996,
  "speedIndex": 4547.493347960299,
  "largestContentfulPaint": 5886.4145,
  "totalBlockingTime": 967,
  "cumulativeLayoutShift": 0.02635655381944444,
  "timeToInteractive": 8693.881999999998,
  "maxPotentialFirstInputDelay": 628,
  "timeToFirstByte": 28.132000000000005,
  "weight": {
    "summary": "93 requests • 1,522 KiB",
    "total": 1558289,
    "image": 350683,
    "imageCount": 19,
    "script": 1043425,
    "scriptCount": 40,
    "document": 60155,
    "font": 35871,
    "fontCount": 1,
    "stylesheet": 16668,
    "stylesheetCount": 6,
    "thirdParty": 935422,
    "thirdPartyCount": 41
  },
  "run": {
    "number": 3,
    "total": 3
  },
  "axe": {
    "passes": 2201,
    "violations": 10
  }
}