{
  "url": "https://emcasa.com/imoveis/sp/sao-paulo/vila-mariana/condominio-abitare-chacara-klabin",
  "requestedUrl": "https://emcasa.com/imoveis/sp/sao-paulo/vila-mariana/condominio-abitare-chacara-klabin",
  "timestamp": 1701774536203,
  "ranks": {
    "hundos": 2,
    "performance": 3,
    "accessibility": 11,
    "cumulative": 2
  },
  "lighthouse": {
    "version": "9.4.0",
    "performance": 0.82,
    "accessibility": 1,
    "bestPractices": 0.92,
    "seo": 1,
    "total": 374
  },
  "firstContentfulPaint": 1068.5249999999999,
  "firstMeaningfulPaint": 1068.5249999999999,
  "speedIndex": 2162.6568717903638,
  "largestContentfulPaint": 1849.7959999999996,
  "totalBlockingTime": 506.5,
  "cumulativeLayoutShift": 0.02635655381944444,
  "timeToInteractive": 7075.1065,
  "maxPotentialFirstInputDelay": 483,
  "timeToFirstByte": 33.59,
  "weight": {
    "summary": "67 requests • 746 KiB",
    "total": 763904,
    "image": 130124,
    "imageCount": 11,
    "script": 510008,
    "scriptCount": 28,
    "document": 29743,
    "font": 35872,
    "fontCount": 1,
    "stylesheet": 17584,
    "stylesheetCount": 7,
    "thirdParty": 230229,
    "thirdPartyCount": 15
  },
  "run": {
    "number": 2,
    "total": 3
  },
  "axe": {
    "passes": 649,
    "violations": 10
  }
}