{
  "url": "https://emcasa.com/imoveis/sp/sao-paulo/vila-mariana/condominio-abitare-chacara-klabin",
  "requestedUrl": "https://emcasa.com/imoveis/sp/sao-paulo/vila-mariana/condominio-abitare-chacara-klabin",
  "timestamp": 1712056144024,
  "ranks": {
    "hundos": 10,
    "performance": 10,
    "accessibility": 10,
    "cumulative": 10
  },
  "lighthouse": {
    "version": "9.4.0",
    "performance": 0.64,
    "accessibility": 1,
    "bestPractices": 0.92,
    "seo": 1,
    "total": 356
  },
  "firstContentfulPaint": 1259.289,
  "firstMeaningfulPaint": 1259.289,
  "speedIndex": 6135.383458585974,
  "largestContentfulPaint": 3117.349,
  "totalBlockingTime": 799.0000000000005,
  "cumulativeLayoutShift": 0.02635655381944444,
  "timeToInteractive": 7311.849000000001,
  "maxPotentialFirstInputDelay": 499,
  "timeToFirstByte": 1144.8370000000002,
  "weight": {
    "summary": "93 requests • 1,496 KiB",
    "total": 1532082,
    "image": 320602,
    "imageCount": 19,
    "script": 1064739,
    "scriptCount": 41,
    "document": 46656,
    "font": 35872,
    "fontCount": 1,
    "stylesheet": 16722,
    "stylesheetCount": 6,
    "thirdParty": 926938,
    "thirdPartyCount": 41
  },
  "run": {
    "number": 2,
    "total": 3
  },
  "axe": {
    "passes": 2193,
    "violations": 10
  }
}