{
  "url": "https://emcasa.com/imoveis/sp/sao-paulo/vila-mariana/condominio-abitare-chacara-klabin",
  "requestedUrl": "https://emcasa.com/imoveis/sp/sao-paulo/vila-mariana/condominio-abitare-chacara-klabin",
  "timestamp": 1721300781626,
  "ranks": {
    "hundos": 10,
    "performance": 11,
    "accessibility": 9,
    "cumulative": 10
  },
  "lighthouse": {
    "version": "9.4.0",
    "performance": 0.46,
    "accessibility": 1,
    "bestPractices": 1,
    "seo": 1,
    "total": 346
  },
  "firstContentfulPaint": 1376.923,
  "firstMeaningfulPaint": 1376.923,
  "speedIndex": 5668.1097898859025,
  "largestContentfulPaint": 5589.541999999999,
  "totalBlockingTime": 1075.9999999999995,
  "cumulativeLayoutShift": 0.02635655381944444,
  "timeToInteractive": 8216.928999999998,
  "maxPotentialFirstInputDelay": 497,
  "timeToFirstByte": 633.0600000000001,
  "weight": {
    "summary": "88 requests • 1,233 KiB",
    "total": 1262185,
    "image": 361342,
    "imageCount": 19,
    "script": 735147,
    "scriptCount": 38,
    "document": 60831,
    "font": 35871,
    "fontCount": 1,
    "stylesheet": 16730,
    "stylesheetCount": 6,
    "thirdParty": 637334,
    "thirdPartyCount": 36
  },
  "run": {
    "number": 1,
    "total": 3
  },
  "axe": {
    "passes": 2205,
    "violations": 10
  }
}