{
  "url": "https://emcasa.com/imoveis/sp/sao-paulo/vila-mariana/condominio-abitare-chacara-klabin",
  "requestedUrl": "https://emcasa.com/imoveis/sp/sao-paulo/vila-mariana/condominio-abitare-chacara-klabin",
  "timestamp": 1705575973838,
  "ranks": {
    "hundos": 12,
    "performance": 12,
    "accessibility": 9,
    "cumulative": 12
  },
  "lighthouse": {
    "version": "9.4.0",
    "performance": 0.42,
    "accessibility": 1,
    "bestPractices": 0.83,
    "seo": 1,
    "total": 325
  },
  "firstContentfulPaint": 1242.6509999999998,
  "firstMeaningfulPaint": 1242.6509999999998,
  "speedIndex": 8491.026060307522,
  "largestContentfulPaint": 6545.007499999999,
  "totalBlockingTime": 840.0000000000014,
  "cumulativeLayoutShift": 0.02635655381944444,
  "timeToInteractive": 9173.276499999998,
  "maxPotentialFirstInputDelay": 502.0000000000009,
  "timeToFirstByte": 2711.5989999999997,
  "weight": {
    "summary": "93 requests • 1,412 KiB",
    "total": 1445569,
    "image": 332236,
    "imageCount": 19,
    "script": 969699,
    "scriptCount": 39,
    "document": 47417,
    "font": 35872,
    "fontCount": 1,
    "stylesheet": 16795,
    "stylesheetCount": 6,
    "thirdParty": 843835,
    "thirdPartyCount": 42
  },
  "run": {
    "number": 1,
    "total": 3
  },
  "axe": {
    "passes": 2205,
    "violations": 10
  }
}