{
  "url": "https://emcasa.com/imoveis/sp/sao-paulo/vila-mariana/condominio-abitare-chacara-klabin",
  "requestedUrl": "https://emcasa.com/imoveis/sp/sao-paulo/vila-mariana/condominio-abitare-chacara-klabin",
  "timestamp": 1701601557240,
  "ranks": {
    "hundos": 3,
    "performance": 5,
    "accessibility": 11,
    "cumulative": 3
  },
  "lighthouse": {
    "version": "9.4.0",
    "performance": 0.79,
    "accessibility": 1,
    "bestPractices": 0.92,
    "seo": 1,
    "total": 371
  },
  "firstContentfulPaint": 1070.463,
  "firstMeaningfulPaint": 1070.463,
  "speedIndex": 3723.06226495612,
  "largestContentfulPaint": 1851.3489999999997,
  "totalBlockingTime": 545,
  "cumulativeLayoutShift": 0.02635655381944444,
  "timeToInteractive": 7089.352000000001,
  "maxPotentialFirstInputDelay": 486,
  "timeToFirstByte": 1244.509,
  "weight": {
    "summary": "67 requests • 746 KiB",
    "total": 763795,
    "image": 130115,
    "imageCount": 11,
    "script": 509978,
    "scriptCount": 28,
    "document": 29679,
    "font": 35872,
    "fontCount": 1,
    "stylesheet": 17560,
    "stylesheetCount": 7,
    "thirdParty": 230238,
    "thirdPartyCount": 15
  },
  "run": {
    "number": 1,
    "total": 3
  },
  "axe": {
    "passes": 649,
    "violations": 10
  }
}