{
  "url": "https://emcasa.com/imoveis/sp/sao-paulo/vila-mariana/condominio-abitare-chacara-klabin",
  "requestedUrl": "https://emcasa.com/imoveis/sp/sao-paulo/vila-mariana/condominio-abitare-chacara-klabin",
  "timestamp": 1709204933580,
  "ranks": {
    "hundos": 10,
    "performance": 7,
    "accessibility": 9,
    "cumulative": 10
  },
  "lighthouse": {
    "version": "9.4.0",
    "performance": 0.64,
    "accessibility": 1,
    "bestPractices": 0.83,
    "seo": 1,
    "total": 347
  },
  "firstContentfulPaint": 1274.44,
  "firstMeaningfulPaint": 1274.44,
  "speedIndex": 4365.6426063030085,
  "largestContentfulPaint": 3276.8955000000005,
  "totalBlockingTime": 886.9999999999995,
  "cumulativeLayoutShift": 0.02635655381944444,
  "timeToInteractive": 7468.927499999999,
  "maxPotentialFirstInputDelay": 526.9999999999991,
  "timeToFirstByte": 35.777,
  "weight": {
    "summary": "95 requests • 1,540 KiB",
    "total": 1577081,
    "image": 337112,
    "imageCount": 19,
    "script": 1093670,
    "scriptCount": 41,
    "document": 46739,
    "font": 35872,
    "fontCount": 1,
    "stylesheet": 16701,
    "stylesheetCount": 6,
    "thirdParty": 971517,
    "thirdPartyCount": 42
  },
  "run": {
    "number": 2,
    "total": 3
  },
  "axe": {
    "passes": 2216,
    "violations": 10
  }
}