{
  "url": "https://emcasa.com/imoveis/sp/sao-paulo/vila-mariana/condominio-abitare-chacara-klabin",
  "requestedUrl": "https://emcasa.com/imoveis/sp/sao-paulo/vila-mariana/condominio-abitare-chacara-klabin",
  "timestamp": 1716030367047,
  "ranks": {
    "hundos": 7,
    "performance": 9,
    "accessibility": 10,
    "cumulative": 7
  },
  "lighthouse": {
    "version": "9.4.0",
    "performance": 0.64,
    "accessibility": 1,
    "bestPractices": 0.92,
    "seo": 1,
    "total": 356
  },
  "firstContentfulPaint": 1305.238,
  "firstMeaningfulPaint": 1305.238,
  "speedIndex": 5157.265464611143,
  "largestContentfulPaint": 3297.4770000000003,
  "totalBlockingTime": 820.5000000000014,
  "cumulativeLayoutShift": 0.02635655381944444,
  "timeToInteractive": 7684.984,
  "maxPotentialFirstInputDelay": 504.0000000000018,
  "timeToFirstByte": 438.79200000000003,
  "weight": {
    "summary": "95 requests • 1,597 KiB",
    "total": 1635610,
    "image": 341371,
    "imageCount": 19,
    "script": 1131979,
    "scriptCount": 39,
    "document": 58427,
    "font": 35871,
    "fontCount": 1,
    "stylesheet": 16677,
    "stylesheetCount": 6,
    "thirdParty": 1014417,
    "thirdPartyCount": 43
  },
  "run": {
    "number": 1,
    "total": 3
  },
  "axe": {
    "passes": 2185,
    "violations": 10
  }
}