{
  "url": "https://emcasa.com/imoveis/sp/sao-paulo/vila-mariana/condominio-abitare-chacara-klabin",
  "requestedUrl": "https://emcasa.com/imoveis/sp/sao-paulo/vila-mariana/condominio-abitare-chacara-klabin",
  "timestamp": 1715512332070,
  "ranks": {
    "hundos": 6,
    "performance": 8,
    "accessibility": 10,
    "cumulative": 6
  },
  "lighthouse": {
    "version": "9.4.0",
    "performance": 0.47,
    "accessibility": 1,
    "bestPractices": 0.92,
    "seo": 1,
    "total": 339
  },
  "firstContentfulPaint": 1302.8329999999999,
  "firstMeaningfulPaint": 1302.8329999999999,
  "speedIndex": 4840.217297354605,
  "largestContentfulPaint": 7020.717000000001,
  "totalBlockingTime": 831.4999999999995,
  "cumulativeLayoutShift": 0.02635655381944444,
  "timeToInteractive": 8587.734,
  "maxPotentialFirstInputDelay": 514,
  "timeToFirstByte": 65.78099999999999,
  "weight": {
    "summary": "91 requests • 1,501 KiB",
    "total": 1537291,
    "image": 344797,
    "imageCount": 19,
    "script": 1029843,
    "scriptCount": 38,
    "document": 58570,
    "font": 35874,
    "fontCount": 1,
    "stylesheet": 16722,
    "stylesheetCount": 6,
    "thirdParty": 915872,
    "thirdPartyCount": 39
  },
  "run": {
    "number": 3,
    "total": 3
  },
  "axe": {
    "passes": 2185,
    "violations": 10
  }
}