{
  "url": "https://emcasa.com/imoveis/sp/sao-paulo/vila-mariana/condominio-abitare-chacara-klabin",
  "requestedUrl": "https://emcasa.com/imoveis/sp/sao-paulo/vila-mariana/condominio-abitare-chacara-klabin",
  "timestamp": 1715166558774,
  "ranks": {
    "hundos": 9,
    "performance": 10,
    "accessibility": 10,
    "cumulative": 9
  },
  "lighthouse": {
    "version": "9.4.0",
    "performance": 0.63,
    "accessibility": 1,
    "bestPractices": 0.92,
    "seo": 1,
    "total": 355
  },
  "firstContentfulPaint": 1277.4319999999998,
  "firstMeaningfulPaint": 1277.4319999999998,
  "speedIndex": 4496.423098086323,
  "largestContentfulPaint": 3215.689,
  "totalBlockingTime": 911.0000000000002,
  "cumulativeLayoutShift": 0.02635655381944444,
  "timeToInteractive": 8600.635499999997,
  "maxPotentialFirstInputDelay": 541,
  "timeToFirstByte": 35.41,
  "weight": {
    "summary": "92 requests • 1,390 KiB",
    "total": 1423486,
    "image": 345018,
    "imageCount": 19,
    "script": 915770,
    "scriptCount": 40,
    "document": 58595,
    "font": 35872,
    "fontCount": 1,
    "stylesheet": 16669,
    "stylesheetCount": 6,
    "thirdParty": 802191,
    "thirdPartyCount": 40
  },
  "run": {
    "number": 2,
    "total": 3
  },
  "axe": {
    "passes": 2185,
    "violations": 10
  }
}