{
  "url": "https://emcasa.com/imoveis/sp/sao-paulo/vila-mariana/condominio-abitare-chacara-klabin",
  "requestedUrl": "https://emcasa.com/imoveis/sp/sao-paulo/vila-mariana/condominio-abitare-chacara-klabin",
  "timestamp": 1697281572939,
  "ranks": {
    "hundos": 9,
    "performance": 9,
    "accessibility": 10,
    "cumulative": 9
  },
  "lighthouse": {
    "version": "9.4.0",
    "performance": 0.52,
    "accessibility": 1,
    "bestPractices": 0.92,
    "seo": 1,
    "total": 344
  },
  "firstContentfulPaint": 1102.11,
  "firstMeaningfulPaint": 1102.11,
  "speedIndex": 4882.870920960791,
  "largestContentfulPaint": 5409.5109999999995,
  "totalBlockingTime": 863,
  "cumulativeLayoutShift": 0.02635655381944444,
  "timeToInteractive": 7004.493999999999,
  "maxPotentialFirstInputDelay": 722,
  "timeToFirstByte": 1116.305,
  "weight": {
    "summary": "63 requests • 791 KiB",
    "total": 809567,
    "image": 195005,
    "imageCount": 10,
    "script": 482462,
    "scriptCount": 26,
    "document": 41235,
    "font": 35872,
    "fontCount": 1,
    "stylesheet": 15305,
    "stylesheetCount": 5,
    "thirdParty": 243966,
    "thirdPartyCount": 17
  },
  "run": {
    "number": 1,
    "total": 3
  },
  "axe": {
    "passes": 891,
    "violations": 10
  }
}