{
  "url": "https://emcasa.com/imoveis/sp/sao-paulo/vila-mariana/condominio-abitare-chacara-klabin",
  "requestedUrl": "https://emcasa.com/imoveis/sp/sao-paulo/vila-mariana/condominio-abitare-chacara-klabin",
  "timestamp": 1705317081851,
  "ranks": {
    "hundos": 8,
    "performance": 7,
    "accessibility": 9,
    "cumulative": 8
  },
  "lighthouse": {
    "version": "9.4.0",
    "performance": 0.68,
    "accessibility": 1,
    "bestPractices": 0.83,
    "seo": 1,
    "total": 351
  },
  "firstContentfulPaint": 1281.9719999999998,
  "firstMeaningfulPaint": 1281.9719999999998,
  "speedIndex": 3774.704522394047,
  "largestContentfulPaint": 3118.8469999999998,
  "totalBlockingTime": 773.9999999999998,
  "cumulativeLayoutShift": 0.02635655381944444,
  "timeToInteractive": 7521.252000000001,
  "maxPotentialFirstInputDelay": 505.9999999999991,
  "timeToFirstByte": 34.589,
  "weight": {
    "summary": "100 requests • 1,505 KiB",
    "total": 1541602,
    "image": 328529,
    "imageCount": 21,
    "script": 1068313,
    "scriptCount": 40,
    "document": 48555,
    "font": 35872,
    "fontCount": 1,
    "stylesheet": 16743,
    "stylesheetCount": 6,
    "thirdParty": 940074,
    "thirdPartyCount": 49
  },
  "run": {
    "number": 3,
    "total": 3
  },
  "axe": {
    "passes": 2205,
    "violations": 10
  }
}