{
  "url": "https://emcasa.com/imoveis/sp/sao-paulo/vila-mariana/condominio-abitare-chacara-klabin",
  "requestedUrl": "https://emcasa.com/imoveis/sp/sao-paulo/vila-mariana/condominio-abitare-chacara-klabin",
  "timestamp": 1701947494653,
  "ranks": {
    "hundos": 2,
    "performance": 2,
    "accessibility": 11,
    "cumulative": 2
  },
  "lighthouse": {
    "version": "9.4.0",
    "performance": 0.79,
    "accessibility": 1,
    "bestPractices": 0.92,
    "seo": 1,
    "total": 371
  },
  "firstContentfulPaint": 1071.534,
  "firstMeaningfulPaint": 1071.534,
  "speedIndex": 3247.334378435592,
  "largestContentfulPaint": 1859.2760000000003,
  "totalBlockingTime": 568,
  "cumulativeLayoutShift": 0.02635655381944444,
  "timeToInteractive": 7087.4665,
  "maxPotentialFirstInputDelay": 486,
  "timeToFirstByte": 37.028000000000006,
  "weight": {
    "summary": "67 requests • 746 KiB",
    "total": 763772,
    "image": 130114,
    "imageCount": 11,
    "script": 509928,
    "scriptCount": 28,
    "document": 29742,
    "font": 35872,
    "fontCount": 1,
    "stylesheet": 17552,
    "stylesheetCount": 7,
    "thirdParty": 230279,
    "thirdPartyCount": 15
  },
  "run": {
    "number": 3,
    "total": 3
  },
  "axe": {
    "passes": 649,
    "violations": 10
  }
}