{
  "url": "https://emcasa.com/imoveis/sp/sao-paulo/vila-mariana/condominio-abitare-chacara-klabin",
  "requestedUrl": "https://emcasa.com/imoveis/sp/sao-paulo/vila-mariana/condominio-abitare-chacara-klabin",
  "timestamp": 1696850081289,
  "ranks": {
    "hundos": 4,
    "performance": 5,
    "accessibility": 9,
    "cumulative": 4
  },
  "lighthouse": {
    "version": "9.4.0",
    "performance": 0.5,
    "accessibility": 1,
    "bestPractices": 1,
    "seo": 1,
    "total": 350
  },
  "firstContentfulPaint": 1287.252,
  "firstMeaningfulPaint": 1287.252,
  "speedIndex": 4835.0752471328215,
  "largestContentfulPaint": 5107.517999999999,
  "totalBlockingTime": 1090.5,
  "cumulativeLayoutShift": 0.02635655381944444,
  "timeToInteractive": 7432.534999999999,
  "maxPotentialFirstInputDelay": 544,
  "timeToFirstByte": 61.81599999999999,
  "weight": {
    "summary": "80 requests • 1,189 KiB",
    "total": 1217601,
    "image": 195132,
    "imageCount": 12,
    "script": 886382,
    "scriptCount": 36,
    "document": 44060,
    "font": 35872,
    "fontCount": 1,
    "stylesheet": 15279,
    "stylesheetCount": 5,
    "thirdParty": 649990,
    "thirdPartyCount": 34
  },
  "run": {
    "number": 3,
    "total": 3
  },
  "axe": {
    "passes": 891,
    "violations": 10
  }
}