{
  "url": "https://emcasa.com/imoveis/sp/sao-paulo/vila-mariana/condominio-abitare-chacara-klabin",
  "requestedUrl": "https://emcasa.com/imoveis/sp/sao-paulo/vila-mariana/condominio-abitare-chacara-klabin",
  "timestamp": 1720091200942,
  "ranks": {
    "hundos": 11,
    "performance": 12,
    "accessibility": 9,
    "cumulative": 11
  },
  "lighthouse": {
    "version": "9.4.0",
    "performance": 0.46,
    "accessibility": 1,
    "bestPractices": 0.92,
    "seo": 1,
    "total": 338
  },
  "firstContentfulPaint": 1254.2670000000003,
  "firstMeaningfulPaint": 1254.2670000000003,
  "speedIndex": 6629.312691064744,
  "largestContentfulPaint": 5575.028499999999,
  "totalBlockingTime": 921.5,
  "cumulativeLayoutShift": 0.02635655381944444,
  "timeToInteractive": 8688.425,
  "maxPotentialFirstInputDelay": 615,
  "timeToFirstByte": 1504.187,
  "weight": {
    "summary": "92 requests • 1,623 KiB",
    "total": 1662423,
    "image": 361556,
    "imageCount": 19,
    "script": 1135968,
    "scriptCount": 39,
    "document": 60826,
    "font": 35872,
    "fontCount": 1,
    "stylesheet": 16734,
    "stylesheetCount": 6,
    "thirdParty": 1038579,
    "thirdPartyCount": 40
  },
  "run": {
    "number": 1,
    "total": 3
  },
  "axe": {
    "passes": 2205,
    "violations": 10
  }
}