{
  "url": "https://emcasa.com/imoveis/sp/sao-paulo/vila-mariana/condominio-abitare-chacara-klabin",
  "requestedUrl": "https://emcasa.com/imoveis/sp/sao-paulo/vila-mariana/condominio-abitare-chacara-klabin",
  "timestamp": 1715080150056,
  "ranks": {
    "hundos": 10,
    "performance": 10,
    "accessibility": 10,
    "cumulative": 10
  },
  "lighthouse": {
    "version": "9.4.0",
    "performance": 0.53,
    "accessibility": 1,
    "bestPractices": 0.83,
    "seo": 1,
    "total": 336
  },
  "firstContentfulPaint": 1224.228,
  "firstMeaningfulPaint": 1224.228,
  "speedIndex": 3166.320700870857,
  "largestContentfulPaint": 5629.593999999999,
  "totalBlockingTime": 882.4999999999995,
  "cumulativeLayoutShift": 0.02635655381944444,
  "timeToInteractive": 7372.8905,
  "maxPotentialFirstInputDelay": 615.9999999999991,
  "timeToFirstByte": 30.384,
  "weight": {
    "summary": "97 requests • 1,540 KiB",
    "total": 1577172,
    "image": 345086,
    "imageCount": 19,
    "script": 1068705,
    "scriptCount": 41,
    "document": 59242,
    "font": 35872,
    "fontCount": 1,
    "stylesheet": 16682,
    "stylesheetCount": 6,
    "thirdParty": 955797,
    "thirdPartyCount": 45
  },
  "run": {
    "number": 2,
    "total": 3
  },
  "axe": {
    "passes": 2185,
    "violations": 10
  }
}