{
  "url": "https://emcasa.com/imoveis/sp/sao-paulo/vila-mariana/condominio-abitare-chacara-klabin",
  "requestedUrl": "https://emcasa.com/imoveis/sp/sao-paulo/vila-mariana/condominio-abitare-chacara-klabin",
  "timestamp": 1718017921041,
  "ranks": {
    "hundos": 7,
    "performance": 7,
    "accessibility": 9,
    "cumulative": 7
  },
  "lighthouse": {
    "version": "9.4.0",
    "performance": 0.66,
    "accessibility": 1,
    "bestPractices": 0.92,
    "seo": 1,
    "total": 358
  },
  "firstContentfulPaint": 1282.519,
  "firstMeaningfulPaint": 1282.519,
  "speedIndex": 4809.273791196207,
  "largestContentfulPaint": 2869.9750000000004,
  "totalBlockingTime": 883.7560000000003,
  "cumulativeLayoutShift": 0.02635655381944444,
  "timeToInteractive": 7283.123000000001,
  "maxPotentialFirstInputDelay": 517,
  "timeToFirstByte": 46.568999999999996,
  "weight": {
    "summary": "92 requests • 1,623 KiB",
    "total": 1662255,
    "image": 351001,
    "imageCount": 19,
    "script": 1147400,
    "scriptCount": 40,
    "document": 59730,
    "font": 35871,
    "fontCount": 1,
    "stylesheet": 16677,
    "stylesheetCount": 6,
    "thirdParty": 1039759,
    "thirdPartyCount": 40
  },
  "run": {
    "number": 3,
    "total": 3
  },
  "axe": {
    "passes": 2201,
    "violations": 10
  }
}