{
  "url": "https://emcasa.com/imoveis/sp/sao-paulo/vila-mariana/condominio-abitare-chacara-klabin",
  "requestedUrl": "https://emcasa.com/imoveis/sp/sao-paulo/vila-mariana/condominio-abitare-chacara-klabin",
  "timestamp": 1713956782958,
  "ranks": {
    "hundos": 7,
    "performance": 8,
    "accessibility": 10,
    "cumulative": 7
  },
  "lighthouse": {
    "version": "9.4.0",
    "performance": 0.63,
    "accessibility": 1,
    "bestPractices": 0.92,
    "seo": 1,
    "total": 355
  },
  "firstContentfulPaint": 1280.232,
  "firstMeaningfulPaint": 1280.232,
  "speedIndex": 5155.473811803445,
  "largestContentfulPaint": 3291.8705,
  "totalBlockingTime": 833,
  "cumulativeLayoutShift": 0.02635655381944444,
  "timeToInteractive": 8304.078000000001,
  "maxPotentialFirstInputDelay": 489,
  "timeToFirstByte": 593.3230000000001,
  "weight": {
    "summary": "94 requests • 1,563 KiB",
    "total": 1600808,
    "image": 324454,
    "imageCount": 19,
    "script": 1117926,
    "scriptCount": 40,
    "document": 58713,
    "font": 35871,
    "fontCount": 1,
    "stylesheet": 16686,
    "stylesheetCount": 6,
    "thirdParty": 983810,
    "thirdPartyCount": 42
  },
  "run": {
    "number": 1,
    "total": 3
  },
  "axe": {
    "passes": 2189,
    "violations": 10
  }
}