{
  "url": "https://emcasa.com/imoveis/sp/sao-paulo/vila-mariana/condominio-abitare-chacara-klabin",
  "requestedUrl": "https://emcasa.com/imoveis/sp/sao-paulo/vila-mariana/condominio-abitare-chacara-klabin",
  "timestamp": 1725534750781,
  "ranks": {
    "hundos": 3,
    "performance": 4,
    "accessibility": 8,
    "cumulative": 3
  },
  "lighthouse": {
    "version": "9.4.0",
    "performance": 0.68,
    "accessibility": 1,
    "bestPractices": 1,
    "seo": 1,
    "total": 368
  },
  "firstContentfulPaint": 1247.206,
  "firstMeaningfulPaint": 1247.206,
  "speedIndex": 4828.613510773187,
  "largestContentfulPaint": 2410.5225,
  "totalBlockingTime": 890.5,
  "cumulativeLayoutShift": 0.02635655381944444,
  "timeToInteractive": 8203.1595,
  "maxPotentialFirstInputDelay": 480,
  "timeToFirstByte": 41.54,
  "weight": {
    "summary": "88 requests • 1,600 KiB",
    "total": 1638791,
    "image": 334189,
    "imageCount": 19,
    "script": 1141011,
    "scriptCount": 37,
    "document": 61085,
    "font": 35872,
    "fontCount": 1,
    "stylesheet": 16706,
    "stylesheetCount": 6,
    "thirdParty": 1016303,
    "thirdPartyCount": 39
  },
  "run": {
    "number": 3,
    "total": 3
  },
  "axe": {
    "passes": 2233,
    "violations": 10
  }
}