{
  "url": "https://emcasa.com/imoveis/sp/sao-paulo/vila-mariana/condominio-abitare-chacara-klabin",
  "requestedUrl": "https://emcasa.com/imoveis/sp/sao-paulo/vila-mariana/condominio-abitare-chacara-klabin",
  "timestamp": 1725275387793,
  "ranks": {
    "hundos": 6,
    "performance": 7,
    "accessibility": 8,
    "cumulative": 7
  },
  "lighthouse": {
    "version": "9.4.0",
    "performance": 0.68,
    "accessibility": 1,
    "bestPractices": 0.92,
    "seo": 1,
    "total": 360
  },
  "firstContentfulPaint": 1292.6889999999999,
  "firstMeaningfulPaint": 1292.6889999999999,
  "speedIndex": 4278.326937694214,
  "largestContentfulPaint": 2877.853,
  "totalBlockingTime": 833.5,
  "cumulativeLayoutShift": 0.02635655381944444,
  "timeToInteractive": 7540.8009999999995,
  "maxPotentialFirstInputDelay": 511,
  "timeToFirstByte": 45.634,
  "weight": {
    "summary": "92 requests • 1,643 KiB",
    "total": 1682682,
    "image": 337799,
    "imageCount": 19,
    "script": 1182251,
    "scriptCount": 38,
    "document": 60793,
    "font": 35872,
    "fontCount": 1,
    "stylesheet": 16712,
    "stylesheetCount": 6,
    "thirdParty": 1061470,
    "thirdPartyCount": 43
  },
  "run": {
    "number": 2,
    "total": 3
  },
  "axe": {
    "passes": 2233,
    "violations": 10
  }
}