{
  "url": "https://emcasa.com/imoveis/sp/sao-paulo/vila-mariana/condominio-abitare-chacara-klabin",
  "requestedUrl": "https://emcasa.com/imoveis/sp/sao-paulo/vila-mariana/condominio-abitare-chacara-klabin",
  "timestamp": 1724843540478,
  "ranks": {
    "hundos": 4,
    "performance": 5,
    "accessibility": 8,
    "cumulative": 4
  },
  "lighthouse": {
    "version": "9.4.0",
    "performance": 0.7,
    "accessibility": 1,
    "bestPractices": 0.92,
    "seo": 1,
    "total": 362
  },
  "firstContentfulPaint": 1246.091,
  "firstMeaningfulPaint": 1246.091,
  "speedIndex": 4318.774838626072,
  "largestContentfulPaint": 2412.4835,
  "totalBlockingTime": 780.9999999999991,
  "cumulativeLayoutShift": 0.02635655381944444,
  "timeToInteractive": 8462.863000000001,
  "maxPotentialFirstInputDelay": 485,
  "timeToFirstByte": 25.130000000000003,
  "weight": {
    "summary": "88 requests • 1,594 KiB",
    "total": 1632324,
    "image": 334091,
    "imageCount": 19,
    "script": 1135501,
    "scriptCount": 36,
    "document": 60971,
    "font": 35871,
    "fontCount": 1,
    "stylesheet": 16750,
    "stylesheetCount": 6,
    "thirdParty": 1010838,
    "thirdPartyCount": 39
  },
  "run": {
    "number": 3,
    "total": 3
  },
  "axe": {
    "passes": 2233,
    "violations": 10
  }
}