{
  "url": "https://emcasa.com/imoveis/sp/sao-paulo/vila-mariana/condominio-abitare-chacara-klabin",
  "requestedUrl": "https://emcasa.com/imoveis/sp/sao-paulo/vila-mariana/condominio-abitare-chacara-klabin",
  "timestamp": 1717153753022,
  "ranks": {
    "hundos": 4,
    "performance": 5,
    "accessibility": 9,
    "cumulative": 4
  },
  "lighthouse": {
    "version": "9.4.0",
    "performance": 0.68,
    "accessibility": 1,
    "bestPractices": 0.92,
    "seo": 1,
    "total": 360
  },
  "firstContentfulPaint": 1237.72,
  "firstMeaningfulPaint": 1237.72,
  "speedIndex": 3740.280493791811,
  "largestContentfulPaint": 2467.469,
  "totalBlockingTime": 990.2404999999994,
  "cumulativeLayoutShift": 0.02635655381944444,
  "timeToInteractive": 8435.586499999998,
  "maxPotentialFirstInputDelay": 465,
  "timeToFirstByte": 32.977999999999994,
  "weight": {
    "summary": "93 requests • 1,308 KiB",
    "total": 1339419,
    "image": 340235,
    "imageCount": 19,
    "script": 836112,
    "scriptCount": 38,
    "document": 58987,
    "font": 35872,
    "fontCount": 1,
    "stylesheet": 16707,
    "stylesheetCount": 6,
    "thirdParty": 717585,
    "thirdPartyCount": 41
  },
  "run": {
    "number": 2,
    "total": 3
  },
  "axe": {
    "passes": 2193,
    "violations": 10
  }
}