{
  "url": "https://emcasa.com/imoveis/sp/sao-paulo/vila-mariana/condominio-abitare-chacara-klabin",
  "requestedUrl": "https://emcasa.com/imoveis/sp/sao-paulo/vila-mariana/condominio-abitare-chacara-klabin",
  "timestamp": 1705748938822,
  "ranks": {
    "hundos": 9,
    "performance": 6,
    "accessibility": 8,
    "cumulative": 9
  },
  "lighthouse": {
    "version": "9.4.0",
    "performance": 0.65,
    "accessibility": 1,
    "bestPractices": 0.83,
    "seo": 1,
    "total": 348
  },
  "firstContentfulPaint": 1285.642,
  "firstMeaningfulPaint": 1285.642,
  "speedIndex": 4228.177768349642,
  "largestContentfulPaint": 3121.2045,
  "totalBlockingTime": 892.0000000000009,
  "cumulativeLayoutShift": 0.02635655381944444,
  "timeToInteractive": 8328.005500000001,
  "maxPotentialFirstInputDelay": 532.0000000000018,
  "timeToFirstByte": 38.797,
  "weight": {
    "summary": "103 requests • 1,537 KiB",
    "total": 1573742,
    "image": 328953,
    "imageCount": 21,
    "script": 1099512,
    "scriptCount": 43,
    "document": 49000,
    "font": 35872,
    "fontCount": 1,
    "stylesheet": 16712,
    "stylesheetCount": 6,
    "thirdParty": 971814,
    "thirdPartyCount": 52
  },
  "run": {
    "number": 2,
    "total": 3
  },
  "axe": {
    "passes": 2205,
    "violations": 10
  }
}