{
  "url": "https://emcasa.com/imoveis/sp/sao-paulo/vila-mariana/condominio-abitare-chacara-klabin",
  "requestedUrl": "https://emcasa.com/imoveis/sp/sao-paulo/vila-mariana/condominio-abitare-chacara-klabin",
  "timestamp": 1716808316913,
  "ranks": {
    "hundos": 7,
    "performance": 8,
    "accessibility": 9,
    "cumulative": 7
  },
  "lighthouse": {
    "version": "9.4.0",
    "performance": 0.64,
    "accessibility": 1,
    "bestPractices": 0.92,
    "seo": 1,
    "total": 356
  },
  "firstContentfulPaint": 1257.7489999999998,
  "firstMeaningfulPaint": 1257.7489999999998,
  "speedIndex": 5251.194940413116,
  "largestContentfulPaint": 2840.3099999999995,
  "totalBlockingTime": 908,
  "cumulativeLayoutShift": 0.02635655381944444,
  "timeToInteractive": 8326.993000000002,
  "maxPotentialFirstInputDelay": 508,
  "timeToFirstByte": 32.43899999999999,
  "weight": {
    "summary": "88 requests • 1,193 KiB",
    "total": 1221552,
    "image": 340478,
    "imageCount": 19,
    "script": 718684,
    "scriptCount": 38,
    "document": 58535,
    "font": 35872,
    "fontCount": 1,
    "stylesheet": 16714,
    "stylesheetCount": 6,
    "thirdParty": 600196,
    "thirdPartyCount": 36
  },
  "run": {
    "number": 3,
    "total": 3
  },
  "axe": {
    "passes": 2185,
    "violations": 10
  }
}