{
  "url": "https://emcasa.com/imoveis/sp/sao-paulo/vila-mariana/condominio-abitare-chacara-klabin",
  "requestedUrl": "https://emcasa.com/imoveis/sp/sao-paulo/vila-mariana/condominio-abitare-chacara-klabin",
  "timestamp": 1722683229548,
  "ranks": {
    "hundos": 11,
    "performance": 12,
    "accessibility": 8,
    "cumulative": 11
  },
  "lighthouse": {
    "version": "9.4.0",
    "performance": 0.48,
    "accessibility": 1,
    "bestPractices": 0.92,
    "seo": 1,
    "total": 340
  },
  "firstContentfulPaint": 1256.5839999999998,
  "firstMeaningfulPaint": 1256.5839999999998,
  "speedIndex": 5009.090146849894,
  "largestContentfulPaint": 5805.359,
  "totalBlockingTime": 933.0000000000005,
  "cumulativeLayoutShift": 0.02635655381944444,
  "timeToInteractive": 8627.597000000002,
  "maxPotentialFirstInputDelay": 629,
  "timeToFirstByte": 587.049,
  "weight": {
    "summary": "89 requests • 1,639 KiB",
    "total": 1677988,
    "image": 367959,
    "imageCount": 19,
    "script": 1147452,
    "scriptCount": 38,
    "document": 60649,
    "font": 35871,
    "fontCount": 1,
    "stylesheet": 16727,
    "stylesheetCount": 6,
    "thirdParty": 1056836,
    "thirdPartyCount": 40
  },
  "run": {
    "number": 1,
    "total": 3
  },
  "axe": {
    "passes": 2233,
    "violations": 10
  }
}