{
  "url": "https://emcasa.com/imoveis/sp/sao-paulo/vila-mariana/condominio-abitare-chacara-klabin",
  "requestedUrl": "https://emcasa.com/imoveis/sp/sao-paulo/vila-mariana/condominio-abitare-chacara-klabin",
  "timestamp": 1709809912580,
  "ranks": {
    "hundos": 7,
    "performance": 9,
    "accessibility": 9,
    "cumulative": 7
  },
  "lighthouse": {
    "version": "9.4.0",
    "performance": 0.47,
    "accessibility": 1,
    "bestPractices": 0.92,
    "seo": 1,
    "total": 339
  },
  "firstContentfulPaint": 1283.158,
  "firstMeaningfulPaint": 1283.158,
  "speedIndex": 4951.710592061441,
  "largestContentfulPaint": 6902.236000000001,
  "totalBlockingTime": 805.4999999999998,
  "cumulativeLayoutShift": 0.02635655381944444,
  "timeToInteractive": 8808.332999999999,
  "maxPotentialFirstInputDelay": 519,
  "timeToFirstByte": 72.542,
  "weight": {
    "summary": "90 requests • 1,263 KiB",
    "total": 1293745,
    "image": 332903,
    "imageCount": 19,
    "script": 814638,
    "scriptCount": 39,
    "document": 46386,
    "font": 35872,
    "fontCount": 1,
    "stylesheet": 16718,
    "stylesheetCount": 6,
    "thirdParty": 688431,
    "thirdPartyCount": 37
  },
  "run": {
    "number": 3,
    "total": 3
  },
  "axe": {
    "passes": 2207,
    "violations": 10
  }
}