{
  "url": "https://emcasa.com/imoveis/sp/sao-paulo/vila-mariana/condominio-abitare-chacara-klabin",
  "requestedUrl": "https://emcasa.com/imoveis/sp/sao-paulo/vila-mariana/condominio-abitare-chacara-klabin",
  "timestamp": 1703934537283,
  "ranks": {
    "hundos": 4,
    "performance": 5,
    "accessibility": 11,
    "cumulative": 4
  },
  "lighthouse": {
    "version": "9.4.0",
    "performance": 0.63,
    "accessibility": 1,
    "bestPractices": 0.92,
    "seo": 1,
    "total": 355
  },
  "firstContentfulPaint": 1227.0350000000003,
  "firstMeaningfulPaint": 1227.0350000000003,
  "speedIndex": 3138.730193716275,
  "largestContentfulPaint": 4583.226999999999,
  "totalBlockingTime": 586.4999999999986,
  "cumulativeLayoutShift": 0.02635655381944444,
  "timeToInteractive": 7843.314999999997,
  "maxPotentialFirstInputDelay": 550.9999999999973,
  "timeToFirstByte": 26.801000000000002,
  "weight": {
    "summary": "71 requests • 852 KiB",
    "total": 872279,
    "image": 130107,
    "imageCount": 11,
    "script": 617265,
    "scriptCount": 30,
    "document": 29748,
    "font": 35872,
    "fontCount": 1,
    "stylesheet": 17894,
    "stylesheetCount": 7,
    "thirdParty": 336818,
    "thirdPartyCount": 19
  },
  "run": {
    "number": 2,
    "total": 3
  },
  "axe": {
    "passes": 650,
    "violations": 10
  }
}