{
  "url": "https://emcasa.com/imoveis/sp/sao-paulo/vila-mariana/condominio-abitare-chacara-klabin",
  "requestedUrl": "https://emcasa.com/imoveis/sp/sao-paulo/vila-mariana/condominio-abitare-chacara-klabin",
  "timestamp": 1712574388159,
  "ranks": {
    "hundos": 7,
    "performance": 9,
    "accessibility": 9,
    "cumulative": 7
  },
  "lighthouse": {
    "version": "9.4.0",
    "performance": 0.61,
    "accessibility": 1,
    "bestPractices": 0.92,
    "seo": 1,
    "total": 353
  },
  "firstContentfulPaint": 1265.3590000000002,
  "firstMeaningfulPaint": 1265.3590000000002,
  "speedIndex": 6024.3462508182565,
  "largestContentfulPaint": 3232.0330000000004,
  "totalBlockingTime": 862.5,
  "cumulativeLayoutShift": 0.02635655381944444,
  "timeToInteractive": 8498.938999999998,
  "maxPotentialFirstInputDelay": 541,
  "timeToFirstByte": 834.214,
  "weight": {
    "summary": "94 requests • 1,509 KiB",
    "total": 1545455,
    "image": 330797,
    "imageCount": 19,
    "script": 1068820,
    "scriptCount": 39,
    "document": 45872,
    "font": 35872,
    "fontCount": 1,
    "stylesheet": 16731,
    "stylesheetCount": 6,
    "thirdParty": 941071,
    "thirdPartyCount": 42
  },
  "run": {
    "number": 1,
    "total": 3
  },
  "axe": {
    "passes": 2193,
    "violations": 10
  }
}