{
  "url": "https://emcasa.com/imoveis/sp/sao-paulo/vila-mariana/condominio-abitare-chacara-klabin",
  "requestedUrl": "https://emcasa.com/imoveis/sp/sao-paulo/vila-mariana/condominio-abitare-chacara-klabin",
  "timestamp": 1710846538830,
  "ranks": {
    "hundos": 6,
    "performance": 7,
    "accessibility": 9,
    "cumulative": 6
  },
  "lighthouse": {
    "version": "9.4.0",
    "performance": 0.61,
    "accessibility": 1,
    "bestPractices": 1,
    "seo": 1,
    "total": 361
  },
  "firstContentfulPaint": 1239.359,
  "firstMeaningfulPaint": 1239.359,
  "speedIndex": 5381.775771490552,
  "largestContentfulPaint": 3251.7285,
  "totalBlockingTime": 957.0000000000005,
  "cumulativeLayoutShift": 0.02635655381944444,
  "timeToInteractive": 8569.7525,
  "maxPotentialFirstInputDelay": 522,
  "timeToFirstByte": 573.9459999999999,
  "weight": {
    "summary": "92 requests • 1,411 KiB",
    "total": 1445189,
    "image": 329394,
    "imageCount": 19,
    "script": 968423,
    "scriptCount": 40,
    "document": 46793,
    "font": 35872,
    "fontCount": 1,
    "stylesheet": 16722,
    "stylesheetCount": 6,
    "thirdParty": 838381,
    "thirdPartyCount": 39
  },
  "run": {
    "number": 2,
    "total": 3
  },
  "axe": {
    "passes": 2203,
    "violations": 10
  }
}