{
  "url": "https://emcasa.com/imoveis/sp/sao-paulo/vila-mariana/condominio-abitare-chacara-klabin",
  "requestedUrl": "https://emcasa.com/imoveis/sp/sao-paulo/vila-mariana/condominio-abitare-chacara-klabin",
  "timestamp": 1714043383368,
  "ranks": {
    "hundos": 6,
    "performance": 6,
    "accessibility": 9,
    "cumulative": 6
  },
  "lighthouse": {
    "version": "9.4.0",
    "performance": 0.64,
    "accessibility": 1,
    "bestPractices": 1,
    "seo": 1,
    "total": 364
  },
  "firstContentfulPaint": 1362.9270000000001,
  "firstMeaningfulPaint": 1362.9270000000001,
  "speedIndex": 4048.8791990813725,
  "largestContentfulPaint": 3140.5730000000003,
  "totalBlockingTime": 939.9999999999991,
  "cumulativeLayoutShift": 0.02635655381944444,
  "timeToInteractive": 8128.401999999998,
  "maxPotentialFirstInputDelay": 536,
  "timeToFirstByte": 72.885,
  "weight": {
    "summary": "88 requests • 1,165 KiB",
    "total": 1192610,
    "image": 324610,
    "imageCount": 19,
    "script": 708809,
    "scriptCount": 38,
    "document": 58428,
    "font": 35872,
    "fontCount": 1,
    "stylesheet": 16730,
    "stylesheetCount": 6,
    "thirdParty": 574661,
    "thirdPartyCount": 36
  },
  "run": {
    "number": 2,
    "total": 3
  },
  "axe": {
    "passes": 2189,
    "violations": 10
  }
}