{
  "url": "https://emcasa.com/imoveis/sp/sao-paulo/vila-mariana/condominio-abitare-chacara-klabin",
  "requestedUrl": "https://emcasa.com/imoveis/sp/sao-paulo/vila-mariana/condominio-abitare-chacara-klabin",
  "timestamp": 1714734379754,
  "ranks": {
    "hundos": 7,
    "performance": 8,
    "accessibility": 10,
    "cumulative": 7
  },
  "lighthouse": {
    "version": "9.4.0",
    "performance": 0.63,
    "accessibility": 1,
    "bestPractices": 0.92,
    "seo": 1,
    "total": 355
  },
  "firstContentfulPaint": 1261.3639999999998,
  "firstMeaningfulPaint": 1261.3639999999998,
  "speedIndex": 5393.142015470221,
  "largestContentfulPaint": 2547.6459999999997,
  "totalBlockingTime": 1110.4999999999998,
  "cumulativeLayoutShift": 0.02635655381944444,
  "timeToInteractive": 8337.530999999999,
  "maxPotentialFirstInputDelay": 588,
  "timeToFirstByte": 470.948,
  "weight": {
    "summary": "93 requests • 1,597 KiB",
    "total": 1635167,
    "image": 344836,
    "imageCount": 19,
    "script": 1126835,
    "scriptCount": 39,
    "document": 59376,
    "font": 35870,
    "fontCount": 1,
    "stylesheet": 16671,
    "stylesheetCount": 6,
    "thirdParty": 1013700,
    "thirdPartyCount": 41
  },
  "run": {
    "number": 1,
    "total": 3
  },
  "axe": {
    "passes": 2185,
    "violations": 10
  }
}