{
  "url": "https://emcasa.com/imoveis/sp/sao-paulo/vila-mariana/condominio-abitare-chacara-klabin",
  "requestedUrl": "https://emcasa.com/imoveis/sp/sao-paulo/vila-mariana/condominio-abitare-chacara-klabin",
  "timestamp": 1720609579581,
  "ranks": {
    "hundos": 10,
    "performance": 11,
    "accessibility": 9,
    "cumulative": 10
  },
  "lighthouse": {
    "version": "9.4.0",
    "performance": 0.48,
    "accessibility": 1,
    "bestPractices": 0.92,
    "seo": 1,
    "total": 340
  },
  "firstContentfulPaint": 1242.133,
  "firstMeaningfulPaint": 1242.133,
  "speedIndex": 5196.705914823106,
  "largestContentfulPaint": 5552.378999999999,
  "totalBlockingTime": 958.6619999999987,
  "cumulativeLayoutShift": 0.02635655381944444,
  "timeToInteractive": 8134.542999999998,
  "maxPotentialFirstInputDelay": 597,
  "timeToFirstByte": 723.3340000000001,
  "weight": {
    "summary": "93 requests • 1,472 KiB",
    "total": 1507346,
    "image": 361326,
    "imageCount": 19,
    "script": 981098,
    "scriptCount": 38,
    "document": 60843,
    "font": 35871,
    "fontCount": 1,
    "stylesheet": 16730,
    "stylesheetCount": 6,
    "thirdParty": 883494,
    "thirdPartyCount": 41
  },
  "run": {
    "number": 1,
    "total": 3
  },
  "axe": {
    "passes": 2205,
    "violations": 10
  }
}