{
  "url": "https://emcasa.com/imoveis/sp/sao-paulo/vila-mariana/condominio-abitare-chacara-klabin",
  "requestedUrl": "https://emcasa.com/imoveis/sp/sao-paulo/vila-mariana/condominio-abitare-chacara-klabin",
  "timestamp": 1696936188405,
  "ranks": {
    "hundos": 2,
    "performance": 2,
    "accessibility": 11,
    "cumulative": 2
  },
  "lighthouse": {
    "version": "9.4.0",
    "performance": 0.68,
    "accessibility": 1,
    "bestPractices": 0.92,
    "seo": 1,
    "total": 360
  },
  "firstContentfulPaint": 1084.761,
  "firstMeaningfulPaint": 1084.761,
  "speedIndex": 3393.1965552816127,
  "largestContentfulPaint": 2796.5434999999998,
  "totalBlockingTime": 960.5,
  "cumulativeLayoutShift": 0.02635655381944444,
  "timeToInteractive": 7491.831000000002,
  "maxPotentialFirstInputDelay": 621,
  "timeToFirstByte": 63.718,
  "weight": {
    "summary": "63 requests • 895 KiB",
    "total": 916386,
    "image": 196607,
    "imageCount": 10,
    "script": 587392,
    "scriptCount": 26,
    "document": 41243,
    "font": 35871,
    "fontCount": 1,
    "stylesheet": 15296,
    "stylesheetCount": 5,
    "thirdParty": 351193,
    "thirdPartyCount": 17
  },
  "run": {
    "number": 2,
    "total": 3
  },
  "axe": {
    "passes": 891,
    "violations": 10
  }
}