{
  "url": "https://emcasa.com/imoveis/sp/sao-paulo/vila-mariana/condominio-abitare-chacara-klabin",
  "requestedUrl": "https://emcasa.com/imoveis/sp/sao-paulo/vila-mariana/condominio-abitare-chacara-klabin",
  "timestamp": 1696503986175,
  "ranks": {
    "hundos": 3,
    "performance": 6,
    "accessibility": 10,
    "cumulative": 3
  },
  "lighthouse": {
    "version": "9.4.0",
    "performance": 0.51,
    "accessibility": 1,
    "bestPractices": 1,
    "seo": 1,
    "total": 351
  },
  "firstContentfulPaint": 1261.156,
  "firstMeaningfulPaint": 1261.156,
  "speedIndex": 3863.144393287439,
  "largestContentfulPaint": 6313.262999999999,
  "totalBlockingTime": 861.4999999999995,
  "cumulativeLayoutShift": 0.02635655381944444,
  "timeToInteractive": 6812.038999999999,
  "maxPotentialFirstInputDelay": 620,
  "timeToFirstByte": 768.851,
  "weight": {
    "summary": "76 requests • 1,089 KiB",
    "total": 1114863,
    "image": 196600,
    "imageCount": 10,
    "script": 783764,
    "scriptCount": 35,
    "document": 42677,
    "font": 35872,
    "fontCount": 1,
    "stylesheet": 15304,
    "stylesheetCount": 5,
    "thirdParty": 547178,
    "thirdPartyCount": 30
  },
  "run": {
    "number": 1,
    "total": 3
  },
  "axe": {
    "passes": 891,
    "violations": 10
  }
}