{
  "url": "https://emcasa.com/imoveis/sp/sao-paulo/vila-mariana/condominio-abitare-chacara-klabin",
  "requestedUrl": "https://emcasa.com/imoveis/sp/sao-paulo/vila-mariana/condominio-abitare-chacara-klabin",
  "timestamp": 1723288311713,
  "ranks": {
    "hundos": 8,
    "performance": 9,
    "accessibility": 8,
    "cumulative": 8
  },
  "lighthouse": {
    "version": "9.4.0",
    "performance": 0.61,
    "accessibility": 1,
    "bestPractices": 1,
    "seo": 1,
    "total": 361
  },
  "firstContentfulPaint": 1291.911,
  "firstMeaningfulPaint": 1291.911,
  "speedIndex": 4245.477638605066,
  "largestContentfulPaint": 3291.4359999999997,
  "totalBlockingTime": 1074.9999999999995,
  "cumulativeLayoutShift": 0.02635655381944444,
  "timeToInteractive": 8411.554999999998,
  "maxPotentialFirstInputDelay": 449.99999999999955,
  "timeToFirstByte": 53.968,
  "weight": {
    "summary": "85 requests • 1,226 KiB",
    "total": 1255578,
    "image": 343829,
    "imageCount": 19,
    "script": 748275,
    "scriptCount": 36,
    "document": 60902,
    "font": 35872,
    "fontCount": 1,
    "stylesheet": 16745,
    "stylesheetCount": 6,
    "thirdParty": 633165,
    "thirdPartyCount": 36
  },
  "run": {
    "number": 3,
    "total": 3
  },
  "axe": {
    "passes": 2233,
    "violations": 10
  }
}