{
  "url": "https://emcasa.com/imoveis/sp/sao-paulo/vila-mariana/condominio-abitare-chacara-klabin",
  "requestedUrl": "https://emcasa.com/imoveis/sp/sao-paulo/vila-mariana/condominio-abitare-chacara-klabin",
  "timestamp": 1702206679199,
  "ranks": {
    "hundos": 2,
    "performance": 2,
    "accessibility": 11,
    "cumulative": 2
  },
  "lighthouse": {
    "version": "9.4.0",
    "performance": 0.82,
    "accessibility": 1,
    "bestPractices": 0.92,
    "seo": 1,
    "total": 374
  },
  "firstContentfulPaint": 1068.2240000000002,
  "firstMeaningfulPaint": 1068.2240000000002,
  "speedIndex": 2016.3583632481586,
  "largestContentfulPaint": 1854.2430000000004,
  "totalBlockingTime": 510,
  "cumulativeLayoutShift": 0.02635655381944444,
  "timeToInteractive": 7010.316000000001,
  "maxPotentialFirstInputDelay": 490,
  "timeToFirstByte": 37.381,
  "weight": {
    "summary": "67 requests • 746 KiB",
    "total": 763703,
    "image": 130119,
    "imageCount": 11,
    "script": 509934,
    "scriptCount": 28,
    "document": 29679,
    "font": 35872,
    "fontCount": 1,
    "stylesheet": 17545,
    "stylesheetCount": 7,
    "thirdParty": 230281,
    "thirdPartyCount": 15
  },
  "run": {
    "number": 3,
    "total": 3
  },
  "axe": {
    "passes": 649,
    "violations": 10
  }
}