{
  "url": "https://emcasa.com/imoveis/sp/sao-paulo/vila-mariana/condominio-abitare-chacara-klabin",
  "requestedUrl": "https://emcasa.com/imoveis/sp/sao-paulo/vila-mariana/condominio-abitare-chacara-klabin",
  "timestamp": 1719227242717,
  "ranks": {
    "hundos": 10,
    "performance": 10,
    "accessibility": 9,
    "cumulative": 10
  },
  "lighthouse": {
    "version": "9.4.0",
    "performance": 0.61,
    "accessibility": 1,
    "bestPractices": 0.83,
    "seo": 1,
    "total": 344
  },
  "firstContentfulPaint": 1232.7830000000001,
  "firstMeaningfulPaint": 1232.7830000000001,
  "speedIndex": 6945.378312532448,
  "largestContentfulPaint": 3030.4705000000004,
  "totalBlockingTime": 973.0000000000009,
  "cumulativeLayoutShift": 0.02635655381944444,
  "timeToInteractive": 7576.488,
  "maxPotentialFirstInputDelay": 536.0000000000009,
  "timeToFirstByte": 1851.6529999999998,
  "weight": {
    "summary": "93 requests • 1,646 KiB",
    "total": 1685941,
    "image": 367849,
    "imageCount": 19,
    "script": 1153451,
    "scriptCount": 39,
    "document": 60831,
    "font": 35872,
    "fontCount": 1,
    "stylesheet": 16686,
    "stylesheetCount": 6,
    "thirdParty": 1062328,
    "thirdPartyCount": 41
  },
  "run": {
    "number": 1,
    "total": 3
  },
  "axe": {
    "passes": 2205,
    "violations": 10
  }
}