{
  "url": "https://emcasa.com/imoveis/sp/sao-paulo/vila-mariana/condominio-abitare-chacara-klabin",
  "requestedUrl": "https://emcasa.com/imoveis/sp/sao-paulo/vila-mariana/condominio-abitare-chacara-klabin",
  "timestamp": 1713351972779,
  "ranks": {
    "hundos": 11,
    "performance": 11,
    "accessibility": 9,
    "cumulative": 11
  },
  "lighthouse": {
    "version": "9.4.0",
    "performance": 0.47,
    "accessibility": 1,
    "bestPractices": 0.92,
    "seo": 1,
    "total": 339
  },
  "firstContentfulPaint": 1289.867,
  "firstMeaningfulPaint": 1289.867,
  "speedIndex": 4565.576402072276,
  "largestContentfulPaint": 5819.246500000001,
  "totalBlockingTime": 1015.4999999999998,
  "cumulativeLayoutShift": 0.02635655381944444,
  "timeToInteractive": 8380.096000000001,
  "maxPotentialFirstInputDelay": 595,
  "timeToFirstByte": 590.063,
  "weight": {
    "summary": "93 requests • 1,415 KiB",
    "total": 1448577,
    "image": 323409,
    "imageCount": 19,
    "script": 979254,
    "scriptCount": 39,
    "document": 45871,
    "font": 35871,
    "fontCount": 1,
    "stylesheet": 16688,
    "stylesheetCount": 6,
    "thirdParty": 844369,
    "thirdPartyCount": 41
  },
  "run": {
    "number": 1,
    "total": 3
  },
  "axe": {
    "passes": 2185,
    "violations": 10
  }
}