{
  "url": "https://emcasa.com/imoveis/sp/sao-paulo/vila-mariana/condominio-abitare-chacara-klabin",
  "requestedUrl": "https://emcasa.com/imoveis/sp/sao-paulo/vila-mariana/condominio-abitare-chacara-klabin",
  "timestamp": 1719572939618,
  "ranks": {
    "hundos": 12,
    "performance": 11,
    "accessibility": 9,
    "cumulative": 12
  },
  "lighthouse": {
    "version": "9.4.0",
    "performance": 0.47,
    "accessibility": 1,
    "bestPractices": 0.83,
    "seo": 1,
    "total": 330
  },
  "firstContentfulPaint": 1253.3310000000001,
  "firstMeaningfulPaint": 1253.3310000000001,
  "speedIndex": 4532.123049703098,
  "largestContentfulPaint": 6622.598000000002,
  "totalBlockingTime": 921.0000000000002,
  "cumulativeLayoutShift": 0.02635655381944444,
  "timeToInteractive": 8305.203000000003,
  "maxPotentialFirstInputDelay": 524,
  "timeToFirstByte": 45.73,
  "weight": {
    "summary": "95 requests • 1,643 KiB",
    "total": 1682442,
    "image": 361240,
    "imageCount": 19,
    "script": 1156324,
    "scriptCount": 42,
    "document": 61074,
    "font": 35870,
    "fontCount": 1,
    "stylesheet": 16682,
    "stylesheetCount": 6,
    "thirdParty": 1058603,
    "thirdPartyCount": 43
  },
  "run": {
    "number": 2,
    "total": 3
  },
  "axe": {
    "passes": 2205,
    "violations": 10
  }
}