{
  "url": "https://emcasa.com/imoveis/sp/sao-paulo/vila-mariana/condominio-abitare-chacara-klabin",
  "requestedUrl": "https://emcasa.com/imoveis/sp/sao-paulo/vila-mariana/condominio-abitare-chacara-klabin",
  "timestamp": 1714907337228,
  "ranks": {
    "hundos": 10,
    "performance": 11,
    "accessibility": 10,
    "cumulative": 10
  },
  "lighthouse": {
    "version": "9.4.0",
    "performance": 0.56,
    "accessibility": 1,
    "bestPractices": 0.92,
    "seo": 1,
    "total": 348
  },
  "firstContentfulPaint": 1226.4280000000003,
  "firstMeaningfulPaint": 1226.4280000000003,
  "speedIndex": 3946.107060654202,
  "largestContentfulPaint": 5424.856499999999,
  "totalBlockingTime": 694.4999999999995,
  "cumulativeLayoutShift": 0.02635655381944444,
  "timeToInteractive": 7399.7874999999985,
  "maxPotentialFirstInputDelay": 455,
  "timeToFirstByte": 30.404999999999998,
  "weight": {
    "summary": "95 requests • 1,598 KiB",
    "total": 1636109,
    "image": 344845,
    "imageCount": 19,
    "script": 1128860,
    "scriptCount": 42,
    "document": 58571,
    "font": 35872,
    "fontCount": 1,
    "stylesheet": 16674,
    "stylesheetCount": 6,
    "thirdParty": 1014756,
    "thirdPartyCount": 43
  },
  "run": {
    "number": 2,
    "total": 3
  },
  "axe": {
    "passes": 2185,
    "violations": 10
  }
}