{
  "url": "https://emcasa.com/imoveis/sp/sao-paulo/vila-mariana/condominio-abitare-chacara-klabin",
  "requestedUrl": "https://emcasa.com/imoveis/sp/sao-paulo/vila-mariana/condominio-abitare-chacara-klabin",
  "timestamp": 1724929957566,
  "ranks": {
    "hundos": 9,
    "performance": 11,
    "accessibility": 8,
    "cumulative": 9
  },
  "lighthouse": {
    "version": "9.4.0",
    "performance": 0.46,
    "accessibility": 1,
    "bestPractices": 1,
    "seo": 1,
    "total": 346
  },
  "firstContentfulPaint": 1259.329,
  "firstMeaningfulPaint": 1259.329,
  "speedIndex": 4809.753896684531,
  "largestContentfulPaint": 5936.5014999999985,
  "totalBlockingTime": 1058.9999999999995,
  "cumulativeLayoutShift": 0.02635655381944444,
  "timeToInteractive": 8382.565499999999,
  "maxPotentialFirstInputDelay": 651,
  "timeToFirstByte": 43.789,
  "weight": {
    "summary": "88 requests • 1,317 KiB",
    "total": 1349039,
    "image": 334138,
    "imageCount": 19,
    "script": 851680,
    "scriptCount": 37,
    "document": 60661,
    "font": 35872,
    "fontCount": 1,
    "stylesheet": 16733,
    "stylesheetCount": 6,
    "thirdParty": 726868,
    "thirdPartyCount": 39
  },
  "run": {
    "number": 3,
    "total": 3
  },
  "axe": {
    "passes": 2233,
    "violations": 10
  }
}