{
  "url": "https://emcasa.com/imoveis/sp/sao-paulo/vila-mariana/condominio-abitare-chacara-klabin",
  "requestedUrl": "https://emcasa.com/imoveis/sp/sao-paulo/vila-mariana/condominio-abitare-chacara-klabin",
  "timestamp": 1704193570441,
  "ranks": {
    "hundos": 2,
    "performance": 2,
    "accessibility": 11,
    "cumulative": 3
  },
  "lighthouse": {
    "version": "9.4.0",
    "performance": 0.8,
    "accessibility": 1,
    "bestPractices": 0.92,
    "seo": 1,
    "total": 372
  },
  "firstContentfulPaint": 1239.4689999999998,
  "firstMeaningfulPaint": 1239.4689999999998,
  "speedIndex": 2823.221158000003,
  "largestContentfulPaint": 1850.6789999999999,
  "totalBlockingTime": 556.0000000000005,
  "cumulativeLayoutShift": 0.02635655381944444,
  "timeToInteractive": 7176.626000000002,
  "maxPotentialFirstInputDelay": 508.0000000000009,
  "timeToFirstByte": 535.34,
  "weight": {
    "summary": "67 requests • 749 KiB",
    "total": 767374,
    "image": 131619,
    "imageCount": 11,
    "script": 511084,
    "scriptCount": 28,
    "document": 29749,
    "font": 35872,
    "fontCount": 1,
    "stylesheet": 17908,
    "stylesheetCount": 7,
    "thirdParty": 231794,
    "thirdPartyCount": 15
  },
  "run": {
    "number": 1,
    "total": 3
  },
  "axe": {
    "passes": 650,
    "violations": 10
  }
}