{
  "url": "https://emcasa.com/imoveis/sp/sao-paulo/vila-mariana/condominio-abitare-chacara-klabin",
  "requestedUrl": "https://emcasa.com/imoveis/sp/sao-paulo/vila-mariana/condominio-abitare-chacara-klabin",
  "timestamp": 1721128150722,
  "ranks": {
    "hundos": 5,
    "performance": 7,
    "accessibility": 9,
    "cumulative": 5
  },
  "lighthouse": {
    "version": "9.4.0",
    "performance": 0.67,
    "accessibility": 1,
    "bestPractices": 1,
    "seo": 1,
    "total": 367
  },
  "firstContentfulPaint": 1266.1400000000003,
  "firstMeaningfulPaint": 1266.1400000000003,
  "speedIndex": 4220.929421684755,
  "largestContentfulPaint": 2568.1320000000005,
  "totalBlockingTime": 986.5,
  "cumulativeLayoutShift": 0.02635655381944444,
  "timeToInteractive": 8214.58,
  "maxPotentialFirstInputDelay": 632,
  "timeToFirstByte": 32.798,
  "weight": {
    "summary": "90 requests • 1,606 KiB",
    "total": 1644300,
    "image": 361351,
    "imageCount": 19,
    "script": 1116997,
    "scriptCount": 38,
    "document": 61126,
    "font": 35872,
    "fontCount": 1,
    "stylesheet": 16709,
    "stylesheetCount": 6,
    "thirdParty": 1019349,
    "thirdPartyCount": 38
  },
  "run": {
    "number": 2,
    "total": 3
  },
  "axe": {
    "passes": 2205,
    "violations": 10
  }
}