{
  "url": "https://emcasa.com/imoveis/sp/sao-paulo/vila-mariana/condominio-abitare-chacara-klabin",
  "requestedUrl": "https://emcasa.com/imoveis/sp/sao-paulo/vila-mariana/condominio-abitare-chacara-klabin",
  "timestamp": 1711192139284,
  "ranks": {
    "hundos": 8,
    "performance": 9,
    "accessibility": 9,
    "cumulative": 8
  },
  "lighthouse": {
    "version": "9.4.0",
    "performance": 0.63,
    "accessibility": 1,
    "bestPractices": 0.92,
    "seo": 1,
    "total": 355
  },
  "firstContentfulPaint": 1316.9189999999999,
  "firstMeaningfulPaint": 1316.9189999999999,
  "speedIndex": 4478.066091977853,
  "largestContentfulPaint": 3295.6800000000003,
  "totalBlockingTime": 869,
  "cumulativeLayoutShift": 0.02635655381944444,
  "timeToInteractive": 8469.168499999998,
  "maxPotentialFirstInputDelay": 536,
  "timeToFirstByte": 68.474,
  "weight": {
    "summary": "95 requests • 1,457 KiB",
    "total": 1491645,
    "image": 322518,
    "imageCount": 19,
    "script": 1023168,
    "scriptCount": 40,
    "document": 45930,
    "font": 35872,
    "fontCount": 1,
    "stylesheet": 16728,
    "stylesheetCount": 6,
    "thirdParty": 887211,
    "thirdPartyCount": 43
  },
  "run": {
    "number": 2,
    "total": 3
  },
  "axe": {
    "passes": 2189,
    "violations": 10
  }
}