{
  "url": "https://emcasa.com/imoveis/sp/sao-paulo/vila-mariana/condominio-abitare-chacara-klabin",
  "requestedUrl": "https://emcasa.com/imoveis/sp/sao-paulo/vila-mariana/condominio-abitare-chacara-klabin",
  "timestamp": 1706699509142,
  "ranks": {
    "hundos": 9,
    "performance": 8,
    "accessibility": 9,
    "cumulative": 10
  },
  "lighthouse": {
    "version": "9.4.0",
    "performance": 0.63,
    "accessibility": 1,
    "bestPractices": 0.83,
    "seo": 1,
    "total": 346
  },
  "firstContentfulPaint": 1300.4270000000001,
  "firstMeaningfulPaint": 1300.4270000000001,
  "speedIndex": 4591.196860723294,
  "largestContentfulPaint": 3214.6180000000004,
  "totalBlockingTime": 977.4999999999998,
  "cumulativeLayoutShift": 0.02635655381944444,
  "timeToInteractive": 7831.853500000002,
  "maxPotentialFirstInputDelay": 563.0000000000009,
  "timeToFirstByte": 34.921,
  "weight": {
    "summary": "103 requests • 1,489 KiB",
    "total": 1524606,
    "image": 332791,
    "imageCount": 23,
    "script": 1043984,
    "scriptCount": 42,
    "document": 47893,
    "font": 35872,
    "fontCount": 1,
    "stylesheet": 16713,
    "stylesheetCount": 6,
    "thirdParty": 919666,
    "thirdPartyCount": 50
  },
  "run": {
    "number": 3,
    "total": 3
  },
  "axe": {
    "passes": 2216,
    "violations": 10
  }
}