{
  "url": "https://emcasa.com/imoveis/sp/sao-paulo/vila-mariana/condominio-abitare-chacara-klabin",
  "requestedUrl": "https://emcasa.com/imoveis/sp/sao-paulo/vila-mariana/condominio-abitare-chacara-klabin",
  "timestamp": 1695553833582,
  "ranks": {
    "hundos": 5,
    "performance": 4,
    "accessibility": 11,
    "cumulative": 5
  },
  "lighthouse": {
    "version": "9.4.0",
    "performance": 0.52,
    "accessibility": 1,
    "bestPractices": 0.92,
    "seo": 1,
    "total": 344
  },
  "firstContentfulPaint": 1236.107,
  "firstMeaningfulPaint": 1236.107,
  "speedIndex": 2877.8883530813546,
  "largestContentfulPaint": 5338.151499999999,
  "totalBlockingTime": 1090,
  "cumulativeLayoutShift": 0.0037435544331868493,
  "timeToInteractive": 7163.195499999998,
  "maxPotentialFirstInputDelay": 528,
  "timeToFirstByte": 27.182999999999993,
  "weight": {
    "summary": "86 requests • 1,155 KiB",
    "total": 1182677,
    "image": 195125,
    "imageCount": 13,
    "script": 851566,
    "scriptCount": 43,
    "document": 44036,
    "font": 35872,
    "fontCount": 1,
    "stylesheet": 14988,
    "stylesheetCount": 5,
    "thirdParty": 622407,
    "thirdPartyCount": 40
  },
  "run": {
    "number": 2,
    "total": 3
  },
  "axe": {
    "passes": 893,
    "violations": 10
  }
}