{
  "url": "https://emcasa.com/imoveis/sp/sao-paulo/vila-mariana/condominio-abitare-chacara-klabin",
  "requestedUrl": "https://emcasa.com/imoveis/sp/sao-paulo/vila-mariana/condominio-abitare-chacara-klabin",
  "timestamp": 1698232486496,
  "ranks": {
    "hundos": 13,
    "performance": 13,
    "accessibility": 11,
    "cumulative": 13
  },
  "lighthouse": {
    "version": "9.4.0",
    "performance": 0.25,
    "accessibility": 1,
    "bestPractices": 0.83,
    "seo": 1,
    "total": 308
  },
  "firstContentfulPaint": 1264.7889999999998,
  "firstMeaningfulPaint": 1264.7889999999998,
  "speedIndex": 5487.901535681749,
  "largestContentfulPaint": 7373.753500000001,
  "totalBlockingTime": 2310,
  "cumulativeLayoutShift": 0.2974333199395074,
  "timeToInteractive": 13932.298999999997,
  "maxPotentialFirstInputDelay": 694,
  "timeToFirstByte": 120.98500000000001,
  "weight": {
    "summary": "100 requests • 1,235 KiB",
    "total": 1264327,
    "image": 128808,
    "imageCount": 15,
    "script": 994515,
    "scriptCount": 43,
    "document": 46451,
    "font": 35872,
    "fontCount": 1,
    "stylesheet": 16079,
    "stylesheetCount": 6,
    "thirdParty": 753441,
    "thirdPartyCount": 55
  },
  "run": {
    "number": 3,
    "total": 3
  },
  "axe": {
    "passes": 717,
    "violations": 10
  }
}