{
  "url": "https://emcasa.com/imoveis/sp/sao-paulo/vila-mariana/condominio-abitare-chacara-klabin",
  "requestedUrl": "https://emcasa.com/imoveis/sp/sao-paulo/vila-mariana/condominio-abitare-chacara-klabin",
  "timestamp": 1716980807075,
  "ranks": {
    "hundos": 10,
    "performance": 11,
    "accessibility": 9,
    "cumulative": 10
  },
  "lighthouse": {
    "version": "9.4.0",
    "performance": 0.45,
    "accessibility": 1,
    "bestPractices": 1,
    "seo": 1,
    "total": 345
  },
  "firstContentfulPaint": 1229.6820000000002,
  "firstMeaningfulPaint": 1229.6820000000002,
  "speedIndex": 5300.483023091214,
  "largestContentfulPaint": 6911.780000000001,
  "totalBlockingTime": 929.9999999999995,
  "cumulativeLayoutShift": 0.02635655381944444,
  "timeToInteractive": 8056.3634999999995,
  "maxPotentialFirstInputDelay": 602,
  "timeToFirstByte": 733.787,
  "weight": {
    "summary": "90 requests • 1,501 KiB",
    "total": 1536698,
    "image": 336895,
    "imageCount": 19,
    "script": 1035974,
    "scriptCount": 38,
    "document": 58985,
    "font": 35872,
    "fontCount": 1,
    "stylesheet": 16708,
    "stylesheetCount": 6,
    "thirdParty": 913823,
    "thirdPartyCount": 38
  },
  "run": {
    "number": 1,
    "total": 3
  },
  "axe": {
    "passes": 2193,
    "violations": 10
  }
}