{
  "url": "https://emcasa.com/imoveis/sp/sao-paulo/vila-mariana/condominio-abitare-chacara-klabin",
  "requestedUrl": "https://emcasa.com/imoveis/sp/sao-paulo/vila-mariana/condominio-abitare-chacara-klabin",
  "timestamp": 1720350537400,
  "ranks": {
    "hundos": 5,
    "performance": 7,
    "accessibility": 9,
    "cumulative": 6
  },
  "lighthouse": {
    "version": "9.4.0",
    "performance": 0.68,
    "accessibility": 1,
    "bestPractices": 0.92,
    "seo": 1,
    "total": 360
  },
  "firstContentfulPaint": 1244.5170000000003,
  "firstMeaningfulPaint": 1244.5170000000003,
  "speedIndex": 4003.929188764611,
  "largestContentfulPaint": 2540.7615,
  "totalBlockingTime": 957.5,
  "cumulativeLayoutShift": 0.02635655381944444,
  "timeToInteractive": 8702.121,
  "maxPotentialFirstInputDelay": 611,
  "timeToFirstByte": 29.434000000000005,
  "weight": {
    "summary": "91 requests • 1,474 KiB",
    "total": 1509775,
    "image": 364511,
    "imageCount": 19,
    "script": 980050,
    "scriptCount": 38,
    "document": 61124,
    "font": 35872,
    "fontCount": 1,
    "stylesheet": 16732,
    "stylesheetCount": 6,
    "thirdParty": 885618,
    "thirdPartyCount": 39
  },
  "run": {
    "number": 2,
    "total": 3
  },
  "axe": {
    "passes": 2205,
    "violations": 10
  }
}