{
  "url": "https://emcasa.com/imoveis/sp/sao-paulo/vila-mariana/condominio-abitare-chacara-klabin",
  "requestedUrl": "https://emcasa.com/imoveis/sp/sao-paulo/vila-mariana/condominio-abitare-chacara-klabin",
  "timestamp": 1719054510089,
  "ranks": {
    "hundos": 4,
    "performance": 4,
    "accessibility": 9,
    "cumulative": 4
  },
  "lighthouse": {
    "version": "9.4.0",
    "performance": 0.71,
    "accessibility": 1,
    "bestPractices": 0.92,
    "seo": 1,
    "total": 363
  },
  "firstContentfulPaint": 1223.535,
  "firstMeaningfulPaint": 1223.535,
  "speedIndex": 4059.181166553112,
  "largestContentfulPaint": 2536.9795,
  "totalBlockingTime": 763.5,
  "cumulativeLayoutShift": 0.02635655381944444,
  "timeToInteractive": 7838.484500000002,
  "maxPotentialFirstInputDelay": 468,
  "timeToFirstByte": 32.394999999999996,
  "weight": {
    "summary": "93 requests • 1,648 KiB",
    "total": 1687721,
    "image": 368106,
    "imageCount": 19,
    "script": 1153975,
    "scriptCount": 40,
    "document": 61513,
    "font": 35871,
    "fontCount": 1,
    "stylesheet": 16670,
    "stylesheetCount": 6,
    "thirdParty": 1064096,
    "thirdPartyCount": 41
  },
  "run": {
    "number": 2,
    "total": 3
  },
  "axe": {
    "passes": 2205,
    "violations": 10
  }
}