{
  "url": "https://emcasa.com/imoveis/sp/sao-paulo/vila-mariana/condominio-abitare-chacara-klabin",
  "requestedUrl": "https://emcasa.com/imoveis/sp/sao-paulo/vila-mariana/condominio-abitare-chacara-klabin",
  "timestamp": 1708600315242,
  "ranks": {
    "hundos": 8,
    "performance": 6,
    "accessibility": 9,
    "cumulative": 8
  },
  "lighthouse": {
    "version": "9.4.0",
    "performance": 0.65,
    "accessibility": 1,
    "bestPractices": 0.83,
    "seo": 1,
    "total": 348
  },
  "firstContentfulPaint": 1260.7060000000001,
  "firstMeaningfulPaint": 1260.7060000000001,
  "speedIndex": 4216.337057938187,
  "largestContentfulPaint": 3209.301,
  "totalBlockingTime": 917.5,
  "cumulativeLayoutShift": 0.02635655381944444,
  "timeToInteractive": 7583.1759999999995,
  "maxPotentialFirstInputDelay": 565.0000000000009,
  "timeToFirstByte": 33.863,
  "weight": {
    "summary": "101 requests • 1,509 KiB",
    "total": 1544739,
    "image": 340351,
    "imageCount": 23,
    "script": 1057103,
    "scriptCount": 41,
    "document": 47745,
    "font": 35871,
    "fontCount": 1,
    "stylesheet": 16670,
    "stylesheetCount": 6,
    "thirdParty": 939213,
    "thirdPartyCount": 48
  },
  "run": {
    "number": 3,
    "total": 3
  },
  "axe": {
    "passes": 2216,
    "violations": 10
  }
}