{
  "url": "https://emcasa.com/imoveis/sp/sao-paulo/vila-mariana/condominio-abitare-chacara-klabin",
  "requestedUrl": "https://emcasa.com/imoveis/sp/sao-paulo/vila-mariana/condominio-abitare-chacara-klabin",
  "timestamp": 1722510600334,
  "ranks": {
    "hundos": 10,
    "performance": 10,
    "accessibility": 7,
    "cumulative": 9
  },
  "lighthouse": {
    "version": "9.4.0",
    "performance": 0.47,
    "accessibility": 1,
    "bestPractices": 0.92,
    "seo": 1,
    "total": 339
  },
  "firstContentfulPaint": 1241.9150000000002,
  "firstMeaningfulPaint": 1241.9150000000002,
  "speedIndex": 4384.455319760142,
  "largestContentfulPaint": 6845.696,
  "totalBlockingTime": 904.5,
  "cumulativeLayoutShift": 0.02635655381944444,
  "timeToInteractive": 8909.845,
  "maxPotentialFirstInputDelay": 624,
  "timeToFirstByte": 40.172,
  "weight": {
    "summary": "85 requests • 1,240 KiB",
    "total": 1269671,
    "image": 364004,
    "imageCount": 19,
    "script": 743276,
    "scriptCount": 36,
    "document": 60752,
    "font": 35870,
    "fontCount": 1,
    "stylesheet": 16741,
    "stylesheetCount": 6,
    "thirdParty": 648343,
    "thirdPartyCount": 36
  },
  "run": {
    "number": 2,
    "total": 3
  },
  "axe": {
    "passes": 2233,
    "violations": 10
  }
}