{
  "url": "https://emcasa.com/imoveis/sp/sao-paulo/vila-mariana/condominio-abitare-chacara-klabin",
  "requestedUrl": "https://emcasa.com/imoveis/sp/sao-paulo/vila-mariana/condominio-abitare-chacara-klabin",
  "timestamp": 1695640364342,
  "ranks": {
    "hundos": 10,
    "performance": 10,
    "accessibility": 11,
    "cumulative": 10
  },
  "lighthouse": {
    "version": "9.4.0",
    "performance": 0.53,
    "accessibility": 1,
    "bestPractices": 0.92,
    "seo": 1,
    "total": 345
  },
  "firstContentfulPaint": 1225.1949999999997,
  "firstMeaningfulPaint": 1225.1949999999997,
  "speedIndex": 2754.749581889464,
  "largestContentfulPaint": 5463.709,
  "totalBlockingTime": 946.5519999999997,
  "cumulativeLayoutShift": 0.0037435544331868493,
  "timeToInteractive": 7511.983000000001,
  "maxPotentialFirstInputDelay": 673,
  "timeToFirstByte": 39.68299999999999,
  "weight": {
    "summary": "63 requests • 786 KiB",
    "total": 804605,
    "image": 195124,
    "imageCount": 10,
    "script": 474707,
    "scriptCount": 26,
    "document": 42860,
    "font": 35871,
    "fontCount": 1,
    "stylesheet": 14961,
    "stylesheetCount": 5,
    "thirdParty": 244393,
    "thirdPartyCount": 17
  },
  "run": {
    "number": 3,
    "total": 3
  },
  "axe": {
    "passes": 893,
    "violations": 10
  }
}