{
  "url": "https://emcasa.com/imoveis/sp/sao-paulo/vila-mariana/condominio-abitare-chacara-klabin",
  "requestedUrl": "https://emcasa.com/imoveis/sp/sao-paulo/vila-mariana/condominio-abitare-chacara-klabin",
  "timestamp": 1712488123420,
  "ranks": {
    "hundos": 4,
    "performance": 4,
    "accessibility": 9,
    "cumulative": 4
  },
  "lighthouse": {
    "version": "9.4.0",
    "performance": 0.73,
    "accessibility": 1,
    "bestPractices": 0.92,
    "seo": 1,
    "total": 365
  },
  "firstContentfulPaint": 1202.0410000000002,
  "firstMeaningfulPaint": 1202.0410000000002,
  "speedIndex": 3981.911454115233,
  "largestContentfulPaint": 2401.337,
  "totalBlockingTime": 701.4999999999998,
  "cumulativeLayoutShift": 0.02635655381944444,
  "timeToInteractive": 7700.679,
  "maxPotentialFirstInputDelay": 450.9999999999998,
  "timeToFirstByte": 33.190999999999995,
  "weight": {
    "summary": "95 requests • 1,549 KiB",
    "total": 1585958,
    "image": 327156,
    "imageCount": 19,
    "script": 1112311,
    "scriptCount": 40,
    "document": 46497,
    "font": 35871,
    "fontCount": 1,
    "stylesheet": 16675,
    "stylesheetCount": 6,
    "thirdParty": 981843,
    "thirdPartyCount": 43
  },
  "run": {
    "number": 2,
    "total": 3
  },
  "axe": {
    "passes": 2193,
    "violations": 10
  }
}