{
  "url": "https://emcasa.com/imoveis/sp/sao-paulo/vila-mariana/condominio-abitare-chacara-klabin",
  "requestedUrl": "https://emcasa.com/imoveis/sp/sao-paulo/vila-mariana/condominio-abitare-chacara-klabin",
  "timestamp": 1701515484021,
  "ranks": {
    "hundos": 2,
    "performance": 5,
    "accessibility": 11,
    "cumulative": 2
  },
  "lighthouse": {
    "version": "9.4.0",
    "performance": 0.81,
    "accessibility": 1,
    "bestPractices": 0.92,
    "seo": 1,
    "total": 373
  },
  "firstContentfulPaint": 1062.009,
  "firstMeaningfulPaint": 1062.009,
  "speedIndex": 3247.9265614561227,
  "largestContentfulPaint": 1841.0369999999998,
  "totalBlockingTime": 524.0000000000005,
  "cumulativeLayoutShift": 0.02635655381944444,
  "timeToInteractive": 7037.689500000002,
  "maxPotentialFirstInputDelay": 484.00000000000045,
  "timeToFirstByte": 42.324999999999996,
  "weight": {
    "summary": "67 requests • 746 KiB",
    "total": 764186,
    "image": 130134,
    "imageCount": 11,
    "script": 510014,
    "scriptCount": 28,
    "document": 29682,
    "font": 35872,
    "fontCount": 1,
    "stylesheet": 17592,
    "stylesheetCount": 7,
    "thirdParty": 230557,
    "thirdPartyCount": 15
  },
  "run": {
    "number": 3,
    "total": 3
  },
  "axe": {
    "passes": 649,
    "violations": 10
  }
}