{
  "url": "https://emcasa.com/imoveis/sp/sao-paulo/vila-mariana/condominio-abitare-chacara-klabin",
  "requestedUrl": "https://emcasa.com/imoveis/sp/sao-paulo/vila-mariana/condominio-abitare-chacara-klabin",
  "timestamp": 1722337605040,
  "ranks": {
    "hundos": 9,
    "performance": 11,
    "accessibility": 7,
    "cumulative": 9
  },
  "lighthouse": {
    "version": "9.4.0",
    "performance": 0.46,
    "accessibility": 1,
    "bestPractices": 1,
    "seo": 1,
    "total": 346
  },
  "firstContentfulPaint": 1239.7839999999999,
  "firstMeaningfulPaint": 1239.7839999999999,
  "speedIndex": 5576.359780540335,
  "largestContentfulPaint": 5597.318499999999,
  "totalBlockingTime": 992,
  "cumulativeLayoutShift": 0.02635655381944444,
  "timeToInteractive": 8430.019999999999,
  "maxPotentialFirstInputDelay": 609,
  "timeToFirstByte": 618.584,
  "weight": {
    "summary": "85 requests • 1,237 KiB",
    "total": 1266912,
    "image": 360554,
    "imageCount": 19,
    "script": 742976,
    "scriptCount": 36,
    "document": 60771,
    "font": 35872,
    "fontCount": 1,
    "stylesheet": 16708,
    "stylesheetCount": 6,
    "thirdParty": 644588,
    "thirdPartyCount": 36
  },
  "run": {
    "number": 1,
    "total": 3
  },
  "axe": {
    "passes": 2233,
    "violations": 10
  }
}