{
  "url": "https://emcasa.com/imoveis/sp/sao-paulo/vila-mariana/condominio-abitare-chacara-klabin",
  "requestedUrl": "https://emcasa.com/imoveis/sp/sao-paulo/vila-mariana/condominio-abitare-chacara-klabin",
  "timestamp": 1723374711701,
  "ranks": {
    "hundos": 6,
    "performance": 9,
    "accessibility": 8,
    "cumulative": 6
  },
  "lighthouse": {
    "version": "9.4.0",
    "performance": 0.46,
    "accessibility": 1,
    "bestPractices": 0.92,
    "seo": 1,
    "total": 338
  },
  "firstContentfulPaint": 1287.0610000000001,
  "firstMeaningfulPaint": 1287.0610000000001,
  "speedIndex": 4901.65211258114,
  "largestContentfulPaint": 7092.951000000003,
  "totalBlockingTime": 868,
  "cumulativeLayoutShift": 0.02635655381944444,
  "timeToInteractive": 8740.878000000004,
  "maxPotentialFirstInputDelay": 512,
  "timeToFirstByte": 60.56100000000001,
  "weight": {
    "summary": "88 requests • 1,537 KiB",
    "total": 1573627,
    "image": 343758,
    "imageCount": 19,
    "script": 1066878,
    "scriptCount": 36,
    "document": 61206,
    "font": 35872,
    "fontCount": 1,
    "stylesheet": 16739,
    "stylesheetCount": 6,
    "thirdParty": 951912,
    "thirdPartyCount": 39
  },
  "run": {
    "number": 3,
    "total": 3
  },
  "axe": {
    "passes": 2233,
    "violations": 10
  }
}