{
  "url": "https://emcasa.com/imoveis/sp/sao-paulo/vila-mariana/condominio-abitare-chacara-klabin",
  "requestedUrl": "https://emcasa.com/imoveis/sp/sao-paulo/vila-mariana/condominio-abitare-chacara-klabin",
  "timestamp": 1700823973813,
  "ranks": {
    "hundos": 2,
    "performance": 3,
    "accessibility": 11,
    "cumulative": 2
  },
  "lighthouse": {
    "version": "9.4.0",
    "performance": 0.81,
    "accessibility": 1,
    "bestPractices": 0.92,
    "seo": 1,
    "total": 373
  },
  "firstContentfulPaint": 1211.0059999999999,
  "firstMeaningfulPaint": 1211.0059999999999,
  "speedIndex": 2588.662156000001,
  "largestContentfulPaint": 1991.2259999999997,
  "totalBlockingTime": 521.9999999999995,
  "cumulativeLayoutShift": 0.02635655381944444,
  "timeToInteractive": 6937.005999999999,
  "maxPotentialFirstInputDelay": 476,
  "timeToFirstByte": 358.05899999999997,
  "weight": {
    "summary": "60 requests • 718 KiB",
    "total": 734723,
    "image": 126628,
    "imageCount": 8,
    "script": 486322,
    "scriptCount": 26,
    "document": 29891,
    "font": 35871,
    "fontCount": 1,
    "stylesheet": 16515,
    "stylesheetCount": 6,
    "thirdParty": 230546,
    "thirdPartyCount": 15
  },
  "run": {
    "number": 1,
    "total": 3
  },
  "axe": {
    "passes": 664,
    "violations": 10
  }
}