{
  "url": "https://emcasa.com/imoveis/sp/sao-paulo/vila-mariana/condominio-abitare-chacara-klabin",
  "requestedUrl": "https://emcasa.com/imoveis/sp/sao-paulo/vila-mariana/condominio-abitare-chacara-klabin",
  "timestamp": 1696331545934,
  "ranks": {
    "hundos": 2,
    "performance": 4,
    "accessibility": 9,
    "cumulative": 2
  },
  "lighthouse": {
    "version": "9.4.0",
    "performance": 0.68,
    "accessibility": 1,
    "bestPractices": 1,
    "seo": 1,
    "total": 368
  },
  "firstContentfulPaint": 1249.0320000000002,
  "firstMeaningfulPaint": 1249.0320000000002,
  "speedIndex": 3905.9652912087904,
  "largestContentfulPaint": 3123.7439999999997,
  "totalBlockingTime": 783.9999999999991,
  "cumulativeLayoutShift": 0.02635655381944444,
  "timeToInteractive": 6861.941999999998,
  "maxPotentialFirstInputDelay": 435.9999999999991,
  "timeToFirstByte": 43.099,
  "weight": {
    "summary": "63 requests • 793 KiB",
    "total": 812140,
    "image": 195153,
    "imageCount": 10,
    "script": 482284,
    "scriptCount": 26,
    "document": 42895,
    "font": 35872,
    "fontCount": 1,
    "stylesheet": 15266,
    "stylesheetCount": 5,
    "thirdParty": 244481,
    "thirdPartyCount": 17
  },
  "run": {
    "number": 3,
    "total": 3
  },
  "axe": {
    "passes": 891,
    "violations": 10
  }
}