{
  "url": "https://emcasa.com/imoveis/sp/sao-paulo/vila-mariana/condominio-abitare-chacara-klabin",
  "requestedUrl": "https://emcasa.com/imoveis/sp/sao-paulo/vila-mariana/condominio-abitare-chacara-klabin",
  "timestamp": 1695083267359,
  "ranks": {
    "hundos": 6,
    "performance": 3,
    "accessibility": 11,
    "cumulative": 7
  },
  "lighthouse": {
    "version": "9.4.0",
    "performance": 0.73,
    "accessibility": 1,
    "bestPractices": 0.83,
    "seo": 1,
    "total": 356
  },
  "firstContentfulPaint": 1749.3039999999996,
  "firstMeaningfulPaint": 1749.3039999999996,
  "speedIndex": 6227.985891846052,
  "largestContentfulPaint": 1883.9399999999996,
  "totalBlockingTime": 432,
  "cumulativeLayoutShift": 0.0037435544331868493,
  "timeToInteractive": 16713.7735,
  "maxPotentialFirstInputDelay": 227,
  "timeToFirstByte": 189.54899999999998,
  "weight": {
    "summary": "168 requests • 1,518 KiB",
    "total": 1554154,
    "image": 200127,
    "imageCount": 57,
    "script": 1198230,
    "scriptCount": 53,
    "document": 53929,
    "font": 35872,
    "fontCount": 1,
    "stylesheet": 15294,
    "stylesheetCount": 5,
    "thirdParty": 928887,
    "thirdPartyCount": 122
  },
  "run": {
    "number": 1,
    "total": 3
  },
  "axe": {
    "passes": 892,
    "violations": 10
  }
}