{
  "url": "https://emcasa.com/imoveis/sp/sao-paulo/vila-mariana/condominio-abitare-chacara-klabin",
  "requestedUrl": "https://emcasa.com/imoveis/sp/sao-paulo/vila-mariana/condominio-abitare-chacara-klabin",
  "timestamp": 1725793926369,
  "ranks": {
    "hundos": 3,
    "performance": 4,
    "accessibility": 8,
    "cumulative": 4
  },
  "lighthouse": {
    "version": "9.4.0",
    "performance": 0.66,
    "accessibility": 1,
    "bestPractices": 0.92,
    "seo": 1,
    "total": 358
  },
  "firstContentfulPaint": 1242.891,
  "firstMeaningfulPaint": 1242.891,
  "speedIndex": 3927.8363606483244,
  "largestContentfulPaint": 3067.7785000000003,
  "totalBlockingTime": 886.9935000000003,
  "cumulativeLayoutShift": 0.02635655381944444,
  "timeToInteractive": 8050.9085,
  "maxPotentialFirstInputDelay": 524.9999999999995,
  "timeToFirstByte": 109.538,
  "weight": {
    "summary": "92 requests • 1,620 KiB",
    "total": 1658455,
    "image": 334106,
    "imageCount": 19,
    "script": 1161329,
    "scriptCount": 39,
    "document": 61300,
    "font": 35872,
    "fontCount": 1,
    "stylesheet": 16704,
    "stylesheetCount": 6,
    "thirdParty": 1037409,
    "thirdPartyCount": 43
  },
  "run": {
    "number": 3,
    "total": 3
  },
  "axe": {
    "passes": 2233,
    "violations": 10
  }
}