{
  "url": "https://emcasa.com/imoveis/sp/sao-paulo/vila-mariana/condominio-abitare-chacara-klabin",
  "requestedUrl": "https://emcasa.com/imoveis/sp/sao-paulo/vila-mariana/condominio-abitare-chacara-klabin",
  "timestamp": 1710328143434,
  "ranks": {
    "hundos": 7,
    "performance": 6,
    "accessibility": 9,
    "cumulative": 7
  },
  "lighthouse": {
    "version": "9.4.0",
    "performance": 0.7,
    "accessibility": 1,
    "bestPractices": 0.83,
    "seo": 1,
    "total": 353
  },
  "firstContentfulPaint": 1240.373,
  "firstMeaningfulPaint": 1240.373,
  "speedIndex": 4235.352739874588,
  "largestContentfulPaint": 2395.143,
  "totalBlockingTime": 836,
  "cumulativeLayoutShift": 0.02635655381944444,
  "timeToInteractive": 7694.2135,
  "maxPotentialFirstInputDelay": 618,
  "timeToFirstByte": 30.676,
  "weight": {
    "summary": "100 requests • 1,543 KiB",
    "total": 1579589,
    "image": 332820,
    "imageCount": 19,
    "script": 1099315,
    "scriptCount": 43,
    "document": 47592,
    "font": 35871,
    "fontCount": 1,
    "stylesheet": 16669,
    "stylesheetCount": 6,
    "thirdParty": 973869,
    "thirdPartyCount": 47
  },
  "run": {
    "number": 2,
    "total": 3
  },
  "axe": {
    "passes": 2207,
    "violations": 10
  }
}