{
  "url": "https://emcasa.com/imoveis/sp/sao-paulo/vila-mariana/condominio-abitare-chacara-klabin",
  "requestedUrl": "https://emcasa.com/imoveis/sp/sao-paulo/vila-mariana/condominio-abitare-chacara-klabin",
  "timestamp": 1714993729755,
  "ranks": {
    "hundos": 11,
    "performance": 11,
    "accessibility": 10,
    "cumulative": 11
  },
  "lighthouse": {
    "version": "9.4.0",
    "performance": 0.51,
    "accessibility": 1,
    "bestPractices": 0.92,
    "seo": 1,
    "total": 343
  },
  "firstContentfulPaint": 1235.631,
  "firstMeaningfulPaint": 1235.631,
  "speedIndex": 3599.401586437367,
  "largestContentfulPaint": 5864.038499999999,
  "totalBlockingTime": 864.4999999999998,
  "cumulativeLayoutShift": 0.02635655381944444,
  "timeToInteractive": 8427.395999999999,
  "maxPotentialFirstInputDelay": 625,
  "timeToFirstByte": 35.992000000000004,
  "weight": {
    "summary": "94 requests • 1,577 KiB",
    "total": 1614369,
    "image": 344995,
    "imageCount": 19,
    "script": 1106936,
    "scriptCount": 42,
    "document": 58599,
    "font": 35872,
    "fontCount": 1,
    "stylesheet": 16676,
    "stylesheetCount": 6,
    "thirdParty": 993000,
    "thirdPartyCount": 42
  },
  "run": {
    "number": 2,
    "total": 3
  },
  "axe": {
    "passes": 2185,
    "violations": 10
  }
}