{
  "url": "https://emcasa.com/imoveis/sp/sao-paulo/vila-mariana/condominio-abitare-chacara-klabin",
  "requestedUrl": "https://emcasa.com/imoveis/sp/sao-paulo/vila-mariana/condominio-abitare-chacara-klabin",
  "timestamp": 1718708944626,
  "ranks": {
    "hundos": 11,
    "performance": 10,
    "accessibility": 9,
    "cumulative": 11
  },
  "lighthouse": {
    "version": "9.4.0",
    "performance": 0.47,
    "accessibility": 1,
    "bestPractices": 0.92,
    "seo": 1,
    "total": 339
  },
  "firstContentfulPaint": 1244.6900000000003,
  "firstMeaningfulPaint": 1244.6900000000003,
  "speedIndex": 4612.999324272512,
  "largestContentfulPaint": 6760.194999999999,
  "totalBlockingTime": 934.5000000000005,
  "cumulativeLayoutShift": 0.02635655381944444,
  "timeToInteractive": 7443.0465,
  "maxPotentialFirstInputDelay": 516,
  "timeToFirstByte": 34.772,
  "weight": {
    "summary": "95 requests • 1,584 KiB",
    "total": 1621636,
    "image": 364462,
    "imageCount": 19,
    "script": 1090003,
    "scriptCount": 39,
    "document": 62338,
    "font": 35871,
    "fontCount": 1,
    "stylesheet": 16692,
    "stylesheetCount": 6,
    "thirdParty": 996533,
    "thirdPartyCount": 43
  },
  "run": {
    "number": 2,
    "total": 3
  },
  "axe": {
    "passes": 2214,
    "violations": 10
  }
}