{
  "url": "https://emcasa.com/imoveis/sp/sao-paulo/vila-mariana/condominio-abitare-chacara-klabin",
  "requestedUrl": "https://emcasa.com/imoveis/sp/sao-paulo/vila-mariana/condominio-abitare-chacara-klabin",
  "timestamp": 1710587477306,
  "ranks": {
    "hundos": 7,
    "performance": 7,
    "accessibility": 9,
    "cumulative": 7
  },
  "lighthouse": {
    "version": "9.4.0",
    "performance": 0.64,
    "accessibility": 1,
    "bestPractices": 1,
    "seo": 1,
    "total": 364
  },
  "firstContentfulPaint": 1367.471,
  "firstMeaningfulPaint": 1367.471,
  "speedIndex": 4393.098791359706,
  "largestContentfulPaint": 3118.2699999999995,
  "totalBlockingTime": 906.5000000000009,
  "cumulativeLayoutShift": 0.02635655381944444,
  "timeToInteractive": 8138.413000000002,
  "maxPotentialFirstInputDelay": 529.0000000000018,
  "timeToFirstByte": 465.77099999999996,
  "weight": {
    "summary": "92 requests • 1,521 KiB",
    "total": 1557588,
    "image": 333160,
    "imageCount": 19,
    "script": 1077077,
    "scriptCount": 40,
    "document": 46823,
    "font": 35872,
    "fontCount": 1,
    "stylesheet": 16668,
    "stylesheetCount": 6,
    "thirdParty": 950994,
    "thirdPartyCount": 39
  },
  "run": {
    "number": 3,
    "total": 3
  },
  "axe": {
    "passes": 2207,
    "violations": 10
  }
}