{
  "url": "https://emcasa.com/imoveis/sp/sao-paulo/vila-mariana/condominio-abitare-chacara-klabin",
  "requestedUrl": "https://emcasa.com/imoveis/sp/sao-paulo/vila-mariana/condominio-abitare-chacara-klabin",
  "timestamp": 1724756811989,
  "ranks": {
    "hundos": 9,
    "performance": 11,
    "accessibility": 8,
    "cumulative": 9
  },
  "lighthouse": {
    "version": "9.4.0",
    "performance": 0.63,
    "accessibility": 1,
    "bestPractices": 0.92,
    "seo": 1,
    "total": 355
  },
  "firstContentfulPaint": 1237.133,
  "firstMeaningfulPaint": 1237.133,
  "speedIndex": 11149.57304000773,
  "largestContentfulPaint": 2565.54,
  "totalBlockingTime": 738.5,
  "cumulativeLayoutShift": 0.02635655381944444,
  "timeToInteractive": 8419.796999999999,
  "maxPotentialFirstInputDelay": 469,
  "timeToFirstByte": 4498.996,
  "weight": {
    "summary": "91 requests • 1,627 KiB",
    "total": 1666191,
    "image": 343024,
    "imageCount": 19,
    "script": 1160322,
    "scriptCount": 39,
    "document": 61068,
    "font": 35872,
    "fontCount": 1,
    "stylesheet": 16765,
    "stylesheetCount": 6,
    "thirdParty": 1044482,
    "thirdPartyCount": 42
  },
  "run": {
    "number": 1,
    "total": 3
  },
  "axe": {
    "passes": 2233,
    "violations": 10
  }
}