{
  "url": "https://emcasa.com/imoveis/sp/sao-paulo/vila-mariana/condominio-abitare-chacara-klabin",
  "requestedUrl": "https://emcasa.com/imoveis/sp/sao-paulo/vila-mariana/condominio-abitare-chacara-klabin",
  "timestamp": 1698491369171,
  "ranks": {
    "hundos": 9,
    "performance": 11,
    "accessibility": 10,
    "cumulative": 10
  },
  "lighthouse": {
    "version": "9.4.0",
    "performance": 0.46,
    "accessibility": 1,
    "bestPractices": 0.92,
    "seo": 1,
    "total": 338
  },
  "firstContentfulPaint": 1323.1980000000003,
  "firstMeaningfulPaint": 1323.1980000000003,
  "speedIndex": 2936.8509285220935,
  "largestContentfulPaint": 7220.536000000001,
  "totalBlockingTime": 1125.9999999999995,
  "cumulativeLayoutShift": 0.090986328125,
  "timeToInteractive": 7789.5335,
  "maxPotentialFirstInputDelay": 694,
  "timeToFirstByte": 51.665000000000006,
  "weight": {
    "summary": "75 requests • 922 KiB",
    "total": 944045,
    "image": 126616,
    "imageCount": 8,
    "script": 687326,
    "scriptCount": 36,
    "document": 38706,
    "font": 35871,
    "fontCount": 1,
    "stylesheet": 16081,
    "stylesheetCount": 6,
    "thirdParty": 433327,
    "thirdPartyCount": 30
  },
  "run": {
    "number": 2,
    "total": 3
  },
  "axe": {
    "passes": 717,
    "violations": 10
  }
}