{
  "url": "https://emcasa.com/imoveis/sp/sao-paulo/vila-mariana/condominio-abitare-chacara-klabin",
  "requestedUrl": "https://emcasa.com/imoveis/sp/sao-paulo/vila-mariana/condominio-abitare-chacara-klabin",
  "timestamp": 1716376327114,
  "ranks": {
    "hundos": 8,
    "performance": 8,
    "accessibility": 10,
    "cumulative": 8
  },
  "lighthouse": {
    "version": "9.4.0",
    "performance": 0.46,
    "accessibility": 1,
    "bestPractices": 0.92,
    "seo": 1,
    "total": 338
  },
  "firstContentfulPaint": 1286.3029999999999,
  "firstMeaningfulPaint": 1286.3029999999999,
  "speedIndex": 4921.418561300978,
  "largestContentfulPaint": 6931.043000000001,
  "totalBlockingTime": 849.9999999999995,
  "cumulativeLayoutShift": 0.02635655381944444,
  "timeToInteractive": 8922.592,
  "maxPotentialFirstInputDelay": 524,
  "timeToFirstByte": 62.55799999999999,
  "weight": {
    "summary": "91 requests • 1,496 KiB",
    "total": 1531780,
    "image": 338239,
    "imageCount": 19,
    "script": 1030735,
    "scriptCount": 38,
    "document": 58766,
    "font": 35871,
    "fontCount": 1,
    "stylesheet": 16676,
    "stylesheetCount": 6,
    "thirdParty": 910250,
    "thirdPartyCount": 39
  },
  "run": {
    "number": 3,
    "total": 3
  },
  "axe": {
    "passes": 2185,
    "violations": 10
  }
}