{
  "url": "https://emcasa.com/imoveis/sp/sao-paulo/vila-mariana/condominio-abitare-chacara-klabin",
  "requestedUrl": "https://emcasa.com/imoveis/sp/sao-paulo/vila-mariana/condominio-abitare-chacara-klabin",
  "timestamp": 1707822441081,
  "ranks": {
    "hundos": 4,
    "performance": 6,
    "accessibility": 9,
    "cumulative": 4
  },
  "lighthouse": {
    "version": "9.4.0",
    "performance": 0.62,
    "accessibility": 1,
    "bestPractices": 0.92,
    "seo": 1,
    "total": 354
  },
  "firstContentfulPaint": 1243.502,
  "firstMeaningfulPaint": 1243.502,
  "speedIndex": 5720.519300833816,
  "largestContentfulPaint": 3227.4170000000004,
  "totalBlockingTime": 819.9999999999995,
  "cumulativeLayoutShift": 0.02635655381944444,
  "timeToInteractive": 8632.842,
  "maxPotentialFirstInputDelay": 520.0000000000009,
  "timeToFirstByte": 1016.6089999999999,
  "weight": {
    "summary": "95 requests • 1,309 KiB",
    "total": 1340217,
    "image": 336852,
    "imageCount": 20,
    "script": 856893,
    "scriptCount": 39,
    "document": 46644,
    "font": 35872,
    "fontCount": 1,
    "stylesheet": 16725,
    "stylesheetCount": 6,
    "thirdParty": 735258,
    "thirdPartyCount": 42
  },
  "run": {
    "number": 1,
    "total": 3
  },
  "axe": {
    "passes": 2203,
    "violations": 10
  }
}