{
  "url": "https://emcasa.com/imoveis/sp/sao-paulo/vila-mariana/condominio-abitare-chacara-klabin",
  "requestedUrl": "https://emcasa.com/imoveis/sp/sao-paulo/vila-mariana/condominio-abitare-chacara-klabin",
  "timestamp": 1695985770775,
  "ranks": {
    "hundos": 2,
    "performance": 3,
    "accessibility": 10,
    "cumulative": 2
  },
  "lighthouse": {
    "version": "9.4.0",
    "performance": 0.72,
    "accessibility": 1,
    "bestPractices": 1,
    "seo": 1,
    "total": 372
  },
  "firstContentfulPaint": 1221.9820000000002,
  "firstMeaningfulPaint": 1221.9820000000002,
  "speedIndex": 2356.2008527282205,
  "largestContentfulPaint": 2355.0735000000004,
  "totalBlockingTime": 935.5000000000005,
  "cumulativeLayoutShift": 0.0037435544331868493,
  "timeToInteractive": 7023.77,
  "maxPotentialFirstInputDelay": 665.0000000000009,
  "timeToFirstByte": 30.956,
  "weight": {
    "summary": "75 requests • 947 KiB",
    "total": 969391,
    "image": 194572,
    "imageCount": 10,
    "script": 639805,
    "scriptCount": 36,
    "document": 43412,
    "font": 35871,
    "fontCount": 1,
    "stylesheet": 15256,
    "stylesheetCount": 5,
    "thirdParty": 403588,
    "thirdPartyCount": 29
  },
  "run": {
    "number": 2,
    "total": 3
  },
  "axe": {
    "passes": 893,
    "violations": 10
  }
}