{
  "url": "https://emcasa.com/imoveis/sp/sao-paulo/vila-mariana/condominio-abitare-chacara-klabin",
  "requestedUrl": "https://emcasa.com/imoveis/sp/sao-paulo/vila-mariana/condominio-abitare-chacara-klabin",
  "timestamp": 1698664179654,
  "ranks": {
    "hundos": 11,
    "performance": 11,
    "accessibility": 10,
    "cumulative": 12
  },
  "lighthouse": {
    "version": "9.4.0",
    "performance": 0.45,
    "accessibility": 1,
    "bestPractices": 0.92,
    "seo": 1,
    "total": 337
  },
  "firstContentfulPaint": 1264.9480000000003,
  "firstMeaningfulPaint": 1264.9480000000003,
  "speedIndex": 2982.564049796694,
  "largestContentfulPaint": 7114.734,
  "totalBlockingTime": 1183.1560000000009,
  "cumulativeLayoutShift": 0.090986328125,
  "timeToInteractive": 7386.4879999999985,
  "maxPotentialFirstInputDelay": 632,
  "timeToFirstByte": 43.465,
  "weight": {
    "summary": "64 requests • 724 KiB",
    "total": 741690,
    "image": 128241,
    "imageCount": 8,
    "script": 484216,
    "scriptCount": 27,
    "document": 37837,
    "font": 35872,
    "fontCount": 1,
    "stylesheet": 16064,
    "stylesheetCount": 6,
    "thirdParty": 231108,
    "thirdPartyCount": 19
  },
  "run": {
    "number": 2,
    "total": 3
  },
  "axe": {
    "passes": 717,
    "violations": 10
  }
}