{
  "url": "https://emcasa.com/imoveis/sp/sao-paulo/vila-mariana/condominio-abitare-chacara-klabin",
  "requestedUrl": "https://emcasa.com/imoveis/sp/sao-paulo/vila-mariana/condominio-abitare-chacara-klabin",
  "timestamp": 1718968303392,
  "ranks": {
    "hundos": 4,
    "performance": 4,
    "accessibility": 9,
    "cumulative": 4
  },
  "lighthouse": {
    "version": "9.4.0",
    "performance": 0.71,
    "accessibility": 1,
    "bestPractices": 0.92,
    "seo": 1,
    "total": 363
  },
  "firstContentfulPaint": 1235.9569999999999,
  "firstMeaningfulPaint": 1235.9569999999999,
  "speedIndex": 3578.46205469723,
  "largestContentfulPaint": 2543.0699999999997,
  "totalBlockingTime": 827.5,
  "cumulativeLayoutShift": 0.02635655381944444,
  "timeToInteractive": 7626.284999999998,
  "maxPotentialFirstInputDelay": 616,
  "timeToFirstByte": 31.576999999999998,
  "weight": {
    "summary": "92 requests • 1,601 KiB",
    "total": 1639843,
    "image": 367810,
    "imageCount": 19,
    "script": 1107096,
    "scriptCount": 39,
    "document": 60844,
    "font": 35873,
    "fontCount": 1,
    "stylesheet": 16717,
    "stylesheetCount": 6,
    "thirdParty": 1016134,
    "thirdPartyCount": 40
  },
  "run": {
    "number": 3,
    "total": 3
  },
  "axe": {
    "passes": 2205,
    "violations": 10
  }
}