{
  "url": "https://emcasa.com/imoveis/sp/sao-paulo/vila-mariana/condominio-abitare-chacara-klabin",
  "requestedUrl": "https://emcasa.com/imoveis/sp/sao-paulo/vila-mariana/condominio-abitare-chacara-klabin",
  "timestamp": 1702552311852,
  "ranks": {
    "hundos": 2,
    "performance": 4,
    "accessibility": 11,
    "cumulative": 2
  },
  "lighthouse": {
    "version": "9.4.0",
    "performance": 0.81,
    "accessibility": 1,
    "bestPractices": 0.92,
    "seo": 1,
    "total": 373
  },
  "firstContentfulPaint": 1088.638,
  "firstMeaningfulPaint": 1088.638,
  "speedIndex": 2069.59093084344,
  "largestContentfulPaint": 1898.7079999999996,
  "totalBlockingTime": 537.4999999999995,
  "cumulativeLayoutShift": 0.02635655381944444,
  "timeToInteractive": 6953.0740000000005,
  "maxPotentialFirstInputDelay": 507,
  "timeToFirstByte": 60.584999999999994,
  "weight": {
    "summary": "67 requests • 747 KiB",
    "total": 765284,
    "image": 131632,
    "imageCount": 11,
    "script": 509934,
    "scriptCount": 28,
    "document": 29734,
    "font": 35871,
    "fontCount": 1,
    "stylesheet": 17547,
    "stylesheetCount": 7,
    "thirdParty": 231792,
    "thirdPartyCount": 15
  },
  "run": {
    "number": 3,
    "total": 3
  },
  "axe": {
    "passes": 649,
    "violations": 10
  }
}