{
  "url": "https://emcasa.com/imoveis/sp/sao-paulo/vila-mariana/condominio-abitare-chacara-klabin",
  "requestedUrl": "https://emcasa.com/imoveis/sp/sao-paulo/vila-mariana/condominio-abitare-chacara-klabin",
  "timestamp": 1708945728609,
  "ranks": {
    "hundos": 5,
    "performance": 2,
    "accessibility": 9,
    "cumulative": 5
  },
  "lighthouse": {
    "version": "9.4.0",
    "performance": 0.72,
    "accessibility": 1,
    "bestPractices": 0.83,
    "seo": 1,
    "total": 355
  },
  "firstContentfulPaint": 1195.567,
  "firstMeaningfulPaint": 1195.567,
  "speedIndex": 3062.7557685135516,
  "largestContentfulPaint": 2382.0955,
  "totalBlockingTime": 829.9999999999991,
  "cumulativeLayoutShift": 0.02635655381944444,
  "timeToInteractive": 7702.7055,
  "maxPotentialFirstInputDelay": 609.9999999999982,
  "timeToFirstByte": 31.993,
  "weight": {
    "summary": "106 requests • 1,521 KiB",
    "total": 1557174,
    "image": 340649,
    "imageCount": 26,
    "script": 1068032,
    "scriptCount": 42,
    "document": 48095,
    "font": 35872,
    "fontCount": 1,
    "stylesheet": 16675,
    "stylesheetCount": 6,
    "thirdParty": 951621,
    "thirdPartyCount": 53
  },
  "run": {
    "number": 2,
    "total": 3
  },
  "axe": {
    "passes": 2216,
    "violations": 10
  }
}