{
  "url": "https://emcasa.com/imoveis/sp/sao-paulo/vila-mariana/condominio-abitare-chacara-klabin",
  "requestedUrl": "https://emcasa.com/imoveis/sp/sao-paulo/vila-mariana/condominio-abitare-chacara-klabin",
  "timestamp": 1705057885391,
  "ranks": {
    "hundos": 5,
    "performance": 5,
    "accessibility": 9,
    "cumulative": 5
  },
  "lighthouse": {
    "version": "9.4.0",
    "performance": 0.7,
    "accessibility": 1,
    "bestPractices": 0.92,
    "seo": 1,
    "total": 362
  },
  "firstContentfulPaint": 1254.571,
  "firstMeaningfulPaint": 1254.571,
  "speedIndex": 3874.4781287172755,
  "largestContentfulPaint": 2334.2960000000003,
  "totalBlockingTime": 846,
  "cumulativeLayoutShift": 0.02635655381944444,
  "timeToInteractive": 8460.722999999998,
  "maxPotentialFirstInputDelay": 625,
  "timeToFirstByte": 38.669000000000004,
  "weight": {
    "summary": "90 requests • 1,167 KiB",
    "total": 1195126,
    "image": 328629,
    "imageCount": 19,
    "script": 723352,
    "scriptCount": 39,
    "document": 46936,
    "font": 35872,
    "fontCount": 1,
    "stylesheet": 16779,
    "stylesheetCount": 6,
    "thirdParty": 593346,
    "thirdPartyCount": 39
  },
  "run": {
    "number": 3,
    "total": 3
  },
  "axe": {
    "passes": 2207,
    "violations": 10
  }
}