{
  "url": "https://emcasa.com/imoveis/sp/sao-paulo/vila-mariana/condominio-abitare-chacara-klabin",
  "requestedUrl": "https://emcasa.com/imoveis/sp/sao-paulo/vila-mariana/condominio-abitare-chacara-klabin",
  "timestamp": 1710068797479,
  "ranks": {
    "hundos": 4,
    "performance": 7,
    "accessibility": 9,
    "cumulative": 4
  },
  "lighthouse": {
    "version": "9.4.0",
    "performance": 0.6,
    "accessibility": 1,
    "bestPractices": 1,
    "seo": 1,
    "total": 360
  },
  "firstContentfulPaint": 1285.8229999999999,
  "firstMeaningfulPaint": 1285.8229999999999,
  "speedIndex": 5971.584312518181,
  "largestContentfulPaint": 3252.3815000000004,
  "totalBlockingTime": 935.5000000000014,
  "cumulativeLayoutShift": 0.02635655381944444,
  "timeToInteractive": 8276.511500000002,
  "maxPotentialFirstInputDelay": 522,
  "timeToFirstByte": 775.917,
  "weight": {
    "summary": "94 requests • 1,499 KiB",
    "total": 1534953,
    "image": 333350,
    "imageCount": 19,
    "script": 1054031,
    "scriptCount": 42,
    "document": 46987,
    "font": 35872,
    "fontCount": 1,
    "stylesheet": 16721,
    "stylesheetCount": 6,
    "thirdParty": 927940,
    "thirdPartyCount": 41
  },
  "run": {
    "number": 1,
    "total": 3
  },
  "axe": {
    "passes": 2207,
    "violations": 10
  }
}