{
  "url": "https://emcasa.com/imoveis/sp/sao-paulo/vila-mariana/condominio-abitare-chacara-klabin",
  "requestedUrl": "https://emcasa.com/imoveis/sp/sao-paulo/vila-mariana/condominio-abitare-chacara-klabin",
  "timestamp": 1718449882635,
  "ranks": {
    "hundos": 8,
    "performance": 9,
    "accessibility": 9,
    "cumulative": 8
  },
  "lighthouse": {
    "version": "9.4.0",
    "performance": 0.67,
    "accessibility": 1,
    "bestPractices": 0.92,
    "seo": 1,
    "total": 359
  },
  "firstContentfulPaint": 1288.661,
  "firstMeaningfulPaint": 1288.661,
  "speedIndex": 4388.860324244992,
  "largestContentfulPaint": 2871.9880000000003,
  "totalBlockingTime": 869.2430000000013,
  "cumulativeLayoutShift": 0.02635655381944444,
  "timeToInteractive": 7366.669999999998,
  "maxPotentialFirstInputDelay": 506,
  "timeToFirstByte": 35.668000000000006,
  "weight": {
    "summary": "94 requests • 1,583 KiB",
    "total": 1620550,
    "image": 364205,
    "imageCount": 19,
    "script": 1090774,
    "scriptCount": 39,
    "document": 61767,
    "font": 35872,
    "fontCount": 1,
    "stylesheet": 16673,
    "stylesheetCount": 6,
    "thirdParty": 996687,
    "thirdPartyCount": 42
  },
  "run": {
    "number": 3,
    "total": 3
  },
  "axe": {
    "passes": 2214,
    "violations": 10
  }
}