{
  "url": "https://emcasa.com/imoveis/sp/sao-paulo/vila-mariana/condominio-abitare-chacara-klabin",
  "requestedUrl": "https://emcasa.com/imoveis/sp/sao-paulo/vila-mariana/condominio-abitare-chacara-klabin",
  "timestamp": 1717067543909,
  "ranks": {
    "hundos": 10,
    "performance": 10,
    "accessibility": 9,
    "cumulative": 10
  },
  "lighthouse": {
    "version": "9.4.0",
    "performance": 0.49,
    "accessibility": 1,
    "bestPractices": 0.92,
    "seo": 1,
    "total": 341
  },
  "firstContentfulPaint": 1251.987,
  "firstMeaningfulPaint": 1251.987,
  "speedIndex": 4233.883256282471,
  "largestContentfulPaint": 6612.888,
  "totalBlockingTime": 903.4999999999995,
  "cumulativeLayoutShift": 0.02635655381944444,
  "timeToInteractive": 7680.626,
  "maxPotentialFirstInputDelay": 525.9999999999991,
  "timeToFirstByte": 36.315,
  "weight": {
    "summary": "95 requests • 1,604 KiB",
    "total": 1642946,
    "image": 336429,
    "imageCount": 19,
    "script": 1142812,
    "scriptCount": 40,
    "document": 59908,
    "font": 35870,
    "fontCount": 1,
    "stylesheet": 16674,
    "stylesheetCount": 6,
    "thirdParty": 1020941,
    "thirdPartyCount": 43
  },
  "run": {
    "number": 3,
    "total": 3
  },
  "axe": {
    "passes": 2193,
    "violations": 10
  }
}